Python,Java,SQL,Git,HTML_CSS,JavaScript,Machine_Learning,Statistics,Data_Visualization,Algorithms_OOP,Career
3.8,3.9,3.9,5.0,2.4,2.9,2.4,2.9,1.7,4.8,Software Developer
3.2,3.7,3.6,3.4,1.6,2.7,0.9,2.7,1.5,3.7,Software Developer
4.3,3.9,3.5,3.7,2.2,3.1,0.9,2.7,1.7,4.3,Software Developer
3.2,5.0,3.5,3.9,3.0,2.3,1.6,1.4,1.3,4.6,Software Developer
3.9,4.1,3.4,4.3,1.7,2.6,1.2,3.1,2.2,3.5,Software Developer
3.7,3.8,3.1,4.8,3.1,3.5,1.0,2.3,2.2,5.0,Software Developer
3.2,3.9,2.9,3.8,2.9,3.7,1.5,3.1,2.2,4.1,Software Developer
3.7,4.8,3.5,5.0,1.1,3.5,1.5,2.3,2.1,3.4,Software Developer
3.4,4.2,4.3,4.2,2.1,2.7,2.0,2.7,1.7,4.8,Software Developer
3.6,4.5,3.1,4.3,2.3,2.2,1.7,2.6,2.0,4.4,Software Developer
2.7,3.8,3.3,4.1,2.4,3.2,2.5,2.6,2.1,4.5,Software Developer
2.4,4.0,3.5,5.0,2.4,3.2,1.5,1.9,2.6,4.9,Software Developer
3.9,3.5,4.3,3.7,2.8,4.2,1.0,2.2,2.1,4.2,Software Developer
2.6,4.0,2.9,4.8,2.0,3.9,1.1,2.3,2.4,3.8,Software Developer
3.6,4.7,2.6,4.6,2.6,3.4,0.8,1.8,2.3,4.7,Software Developer
3.6,4.2,3.1,4.6,2.7,2.6,2.5,2.8,1.3,4.9,Software Developer
3.0,4.4,4.1,4.0,3.0,3.2,2.0,3.5,1.9,4.1,Software Developer
3.0,3.6,3.5,4.7,2.7,3.5,1.5,3.3,1.9,5.0,Software Developer
3.8,3.5,2.9,4.8,2.4,3.4,1.8,2.5,1.5,3.7,Software Developer
3.3,4.5,3.6,3.8,2.6,3.2,1.0,2.6,2.0,3.9,Software Developer
3.7,4.3,4.1,5.0,1.7,2.5,1.8,2.8,2.3,5.0,Software Developer
3.8,4.6,4.0,4.9,2.3,3.4,1.1,2.4,1.7,4.5,Software Developer
4.8,3.0,3.9,3.6,2.2,3.6,1.5,1.9,1.6,4.9,Software Developer
3.1,4.1,3.5,4.1,3.7,3.3,0.4,2.6,1.6,5.0,Software Developer
3.1,3.9,3.8,5.0,1.8,2.8,1.2,2.1,3.0,4.7,Software Developer
2.8,4.5,4.7,5.0,1.7,2.7,2.2,2.1,2.2,4.9,Software Developer
3.0,4.0,1.7,3.9,2.4,2.3,2.4,1.7,1.8,4.6,Software Developer
4.3,3.2,4.1,4.5,2.0,3.3,1.6,2.2,2.0,4.3,Software Developer
3.6,4.4,4.4,3.8,3.7,1.9,1.4,2.8,2.2,4.2,Software Developer
3.4,3.7,3.2,5.0,2.7,2.6,2.0,2.7,2.4,4.8,Software Developer
3.0,3.7,3.9,4.8,2.5,3.1,2.2,2.2,2.3,4.4,Software Developer
3.4,4.6,4.0,4.9,3.2,3.0,1.9,2.3,2.2,4.4,Software Developer
3.6,4.3,3.0,5.0,1.9,2.3,2.1,2.9,2.3,4.8,Software Developer
3.5,3.5,3.5,4.1,3.0,2.9,1.0,2.3,2.2,4.2,Software Developer
3.0,4.1,3.6,4.2,2.2,3.1,0.7,1.7,1.6,4.4,Software Developer
3.7,4.8,4.0,4.4,2.5,2.4,1.5,2.3,2.2,4.0,Software Developer
3.8,4.8,3.4,4.7,2.9,2.8,1.6,2.5,2.1,4.1,Software Developer
3.5,4.3,4.3,5.0,3.7,2.6,2.0,2.6,3.2,4.1,Software Developer
3.0,3.7,2.3,4.2,2.1,3.1,1.7,3.5,2.5,4.2,Software Developer
3.0,4.3,2.8,5.0,3.1,2.7,0.6,3.2,1.9,5.0,Software Developer
2.6,3.7,3.5,4.5,2.3,3.3,0.9,2.4,2.1,4.8,Software Developer
3.9,3.4,2.7,5.0,2.7,2.6,2.4,2.6,2.6,4.5,Software Developer
4.6,5.0,3.4,5.0,2.9,3.8,1.0,2.9,2.6,3.5,Software Developer
2.8,2.9,3.4,4.9,3.3,3.0,2.4,1.7,1.1,4.5,Software Developer
3.7,4.0,2.4,4.5,1.8,3.4,1.7,2.0,1.7,3.9,Software Developer
3.5,4.5,3.0,4.8,2.2,2.6,1.4,1.9,1.7,3.8,Software Developer
4.6,4.0,3.1,4.6,2.4,2.9,1.8,2.9,1.7,4.2,Software Developer
3.3,2.7,2.7,5.0,3.4,2.9,1.8,2.7,3.7,5.0,Software Developer
3.4,3.5,2.6,4.6,2.1,2.2,1.1,1.9,2.9,5.0,Software Developer
3.5,4.8,3.5,4.0,3.3,3.3,0.9,2.4,1.5,3.7,Software Developer
4.0,5.0,2.7,4.8,2.1,2.7,1.2,2.0,2.0,4.0,Software Developer
3.6,4.0,3.4,4.0,2.2,3.4,1.8,2.0,2.1,4.9,Software Developer
2.6,4.3,3.1,4.8,2.1,2.0,0.6,2.5,2.1,4.0,Software Developer
3.9,3.1,3.5,3.8,2.1,3.0,1.0,2.3,2.6,4.2,Software Developer
4.0,3.4,3.8,5.0,1.1,2.6,1.8,2.4,2.2,4.2,Software Developer
3.5,3.9,4.1,4.6,2.7,2.8,1.2,2.3,2.2,4.3,Software Developer
3.7,5.0,4.0,4.3,3.2,2.8,0.4,1.9,1.0,4.3,Software Developer
3.5,4.9,3.7,4.4,3.0,1.8,1.6,2.9,1.2,5.0,Software Developer
3.7,3.8,3.8,5.0,2.6,3.1,1.2,2.0,2.5,4.0,Software Developer
3.5,3.7,3.8,4.7,3.1,2.7,1.4,2.0,1.8,4.7,Software Developer
3.9,3.5,4.0,5.0,2.7,4.0,1.1,1.8,1.0,5.0,Software Developer
3.9,4.0,3.7,3.9,3.8,3.1,1.6,2.9,2.3,4.6,Software Developer
3.1,4.3,4.5,5.0,3.4,2.7,1.0,2.4,2.0,5.0,Software Developer
2.6,4.8,3.4,4.3,1.9,2.1,2.0,2.5,1.3,3.8,Software Developer
3.3,4.9,3.4,3.7,2.4,2.9,0.0,2.5,1.9,4.9,Software Developer
4.5,4.6,3.4,3.9,3.9,3.0,1.5,2.5,2.1,4.4,Software Developer
3.2,3.7,3.5,4.2,2.1,3.1,1.4,3.3,0.5,5.0,Software Developer
4.2,2.9,3.3,4.3,1.7,2.6,0.9,3.5,2.5,5.0,Software Developer
3.9,3.4,3.2,4.8,1.8,3.4,1.4,2.3,2.4,4.7,Software Developer
3.3,4.6,2.9,4.8,2.8,2.8,1.7,1.8,2.5,4.4,Software Developer
3.2,4.6,3.1,3.7,1.6,3.3,0.8,3.5,0.9,5.0,Software Developer
3.6,3.9,3.2,4.7,2.5,3.6,1.6,2.6,1.8,4.5,Software Developer
3.7,3.1,2.8,4.9,2.6,2.9,1.5,2.7,1.7,4.1,Software Developer
3.6,3.5,3.7,3.6,3.1,3.3,1.6,3.0,2.9,5.0,Software Developer
2.5,3.3,3.2,4.5,2.8,2.6,1.6,2.1,1.7,3.7,Software Developer
3.0,3.3,3.0,5.0,2.0,4.4,1.8,2.6,1.5,4.9,Software Developer
3.2,4.1,4.9,4.4,3.1,2.6,1.5,3.5,1.7,5.0,Software Developer
3.9,3.7,3.8,5.0,2.8,2.1,1.1,2.4,2.0,4.8,Software Developer
3.6,3.3,3.7,4.8,2.8,3.6,2.0,2.8,2.0,3.6,Software Developer
3.7,4.1,3.6,3.8,1.9,3.6,1.5,2.9,2.0,4.5,Software Developer
4.0,3.7,3.6,4.2,2.3,2.8,1.6,2.2,2.7,4.0,Software Developer
3.4,3.8,4.3,4.6,3.1,2.2,1.6,3.0,2.0,5.0,Software Developer
3.2,4.8,4.8,4.3,2.3,3.8,2.4,2.2,1.8,4.3,Software Developer
2.8,3.5,2.9,4.1,2.5,3.1,2.4,2.0,2.5,4.4,Software Developer
3.5,4.4,2.9,4.7,2.6,3.3,1.7,3.9,1.6,4.2,Software Developer
3.2,3.7,3.1,5.0,3.3,2.7,1.0,2.8,1.7,4.8,Software Developer
3.6,3.2,4.4,5.0,2.2,2.8,1.7,2.7,2.4,5.0,Software Developer
3.4,3.6,2.7,4.1,2.5,4.0,1.2,2.6,2.0,5.0,Software Developer
4.9,3.7,3.2,5.0,2.9,4.0,1.8,2.3,2.3,5.0,Software Developer
4.0,4.3,4.1,5.0,3.3,3.4,1.4,2.6,2.7,4.1,Software Developer
3.7,3.8,3.5,5.0,2.6,3.0,0.8,2.9,2.4,5.0,Software Developer
3.3,4.1,3.6,5.0,2.4,3.2,1.8,2.6,1.8,4.6,Software Developer
4.1,3.4,3.6,4.1,3.2,2.2,1.2,2.7,2.9,4.5,Software Developer
3.2,5.0,2.7,3.3,2.7,2.7,0.9,2.9,2.1,4.2,Software Developer
2.8,4.5,3.9,4.4,3.5,2.4,0.7,2.1,2.0,4.6,Software Developer
3.4,4.2,2.8,5.0,2.5,3.6,1.7,2.8,2.3,4.7,Software Developer
3.9,4.7,3.6,4.9,2.5,3.8,1.1,3.5,2.0,3.7,Software Developer
3.6,3.6,4.0,4.1,2.3,2.0,1.3,1.2,1.1,4.9,Software Developer
3.9,4.2,3.0,4.5,2.5,2.4,2.3,3.0,1.9,4.5,Software Developer
3.6,2.9,3.4,4.1,1.9,2.8,2.5,2.9,1.7,4.8,Software Developer
4.3,4.5,3.5,4.1,2.9,3.2,2.0,2.8,2.6,4.2,Software Developer
4.2,4.1,4.6,4.1,3.5,3.1,1.1,2.2,1.8,4.7,Software Developer
3.8,3.7,3.5,5.0,3.5,3.2,1.5,2.6,2.3,3.9,Software Developer
3.4,3.1,3.7,4.9,2.2,3.9,0.8,1.7,2.1,5.0,Software Developer
4.4,3.7,4.1,4.5,2.4,3.5,1.9,1.6,2.8,5.0,Software Developer
3.2,4.2,3.8,4.6,2.2,2.6,1.5,3.1,2.3,4.3,Software Developer
3.9,2.4,4.1,3.5,2.3,2.4,0.8,3.1,1.7,4.7,Software Developer
3.5,4.3,3.5,3.8,3.0,2.7,0.6,2.3,2.8,5.0,Software Developer
3.3,3.8,3.3,5.0,2.7,3.2,2.1,2.6,1.9,4.4,Software Developer
3.5,4.0,3.9,4.5,2.9,3.0,1.5,1.4,2.5,4.7,Software Developer
4.0,2.4,4.6,4.4,3.1,2.4,1.8,1.9,1.7,5.0,Software Developer
3.4,4.1,4.0,4.8,2.6,3.2,2.8,2.5,2.1,5.0,Software Developer
4.1,4.7,3.9,3.9,3.4,2.4,1.7,2.1,2.0,4.7,Software Developer
3.7,4.2,4.4,4.7,2.4,3.5,2.2,1.8,2.3,4.9,Software Developer
3.3,4.8,3.4,4.6,2.4,3.0,0.9,1.7,2.9,4.0,Software Developer
3.0,2.8,3.1,3.8,3.4,3.6,1.1,3.7,2.5,4.3,Software Developer
2.1,5.0,2.7,3.6,3.1,4.3,2.3,2.8,2.3,5.0,Software Developer
3.9,4.2,3.6,4.5,2.1,2.8,0.6,2.4,1.5,3.9,Software Developer
3.6,4.8,4.0,3.6,2.0,3.5,1.0,2.4,2.3,4.0,Software Developer
3.6,3.3,3.2,4.7,1.6,3.2,1.5,2.8,2.1,5.0,Software Developer
3.6,3.8,3.6,4.8,2.5,3.0,1.1,2.1,1.2,5.0,Software Developer
2.8,3.6,3.1,5.0,2.3,3.7,1.1,2.7,1.5,5.0,Software Developer
2.8,4.2,3.8,4.7,2.4,2.9,1.5,2.4,2.5,5.0,Software Developer
3.2,3.2,3.5,5.0,2.1,3.9,2.4,2.2,2.3,5.0,Software Developer
3.3,3.9,3.2,3.9,2.1,2.3,1.5,2.1,2.1,3.6,Software Developer
3.7,4.5,2.4,4.7,3.2,2.3,2.4,2.7,1.6,4.5,Software Developer
3.8,4.0,3.8,4.0,2.6,2.2,1.4,2.0,1.6,5.0,Software Developer
4.1,4.3,2.9,4.3,3.2,3.1,2.8,2.7,2.1,4.3,Software Developer
3.6,3.9,3.9,5.0,2.1,2.3,0.5,2.8,1.4,3.3,Software Developer
3.7,5.0,3.5,5.0,2.5,2.9,2.0,2.3,2.1,4.7,Software Developer
3.1,4.5,3.4,4.1,2.8,2.5,1.5,2.5,2.6,4.8,Software Developer
3.5,4.4,4.3,4.8,2.5,2.3,0.9,2.3,1.7,4.4,Software Developer
3.5,4.3,3.5,4.8,2.5,1.9,1.0,2.4,1.3,4.8,Software Developer
4.3,4.7,3.4,5.0,2.6,2.8,1.2,2.3,1.8,4.6,Software Developer
3.6,4.0,3.7,5.0,3.0,2.2,0.1,3.0,1.2,4.4,Software Developer
2.9,3.0,3.8,4.9,2.2,1.6,1.2,2.7,1.2,4.6,Software Developer
3.5,4.3,3.6,4.0,3.2,2.9,1.5,2.0,1.8,4.0,Software Developer
3.4,4.9,2.7,3.6,3.3,2.9,1.1,3.1,1.7,5.0,Software Developer
3.9,3.7,4.7,4.2,2.9,3.2,2.2,3.4,2.0,4.1,Software Developer
3.8,3.6,4.6,4.6,2.3,3.1,0.8,2.0,2.7,4.1,Software Developer
2.9,4.3,4.2,4.9,3.0,2.6,0.7,3.3,1.8,4.4,Software Developer
4.2,4.3,3.8,5.0,2.1,3.5,1.5,2.6,2.8,4.8,Software Developer
3.8,4.6,3.3,4.0,1.9,1.9,2.6,1.9,1.9,4.3,Software Developer
3.7,4.4,4.0,4.2,2.4,3.2,1.4,3.4,2.3,4.9,Software Developer
3.9,4.6,3.6,3.8,2.7,2.6,1.2,2.8,2.7,4.5,Software Developer
3.7,4.9,3.6,5.0,2.8,2.0,1.9,2.7,2.7,4.9,Software Developer
3.4,3.3,3.4,4.0,2.2,3.3,2.4,2.7,1.3,4.7,Software Developer
4.2,3.7,3.4,4.5,2.1,3.4,1.4,2.7,1.5,4.3,Software Developer
3.9,3.8,4.4,4.3,2.6,3.5,0.7,1.5,1.2,5.0,Software Developer
3.2,5.0,3.2,4.6,3.3,4.1,2.6,3.2,2.6,4.8,Software Developer
3.9,3.7,3.0,4.5,2.4,2.8,1.9,3.0,2.0,5.0,Software Developer
2.9,3.9,3.1,3.5,2.5,2.9,2.3,2.8,1.4,5.0,Software Developer
4.2,4.3,3.4,4.0,2.3,3.6,2.5,3.3,1.7,3.9,Software Developer
3.6,3.0,3.7,4.4,2.2,2.1,1.8,2.2,1.4,2.9,Software Developer
3.5,5.0,4.4,4.2,2.2,3.3,1.0,2.7,2.4,5.0,Software Developer
3.4,3.9,3.0,4.0,2.4,3.2,2.0,2.1,2.8,4.4,Software Developer
3.5,3.6,2.2,5.0,2.9,2.8,1.5,2.8,1.1,4.2,Software Developer
3.9,3.3,3.7,3.8,2.8,3.0,0.6,3.1,1.6,4.1,Software Developer
3.6,4.6,2.9,4.5,2.7,3.4,1.6,2.3,1.5,4.5,Software Developer
2.9,2.4,3.7,5.0,1.2,2.4,1.8,3.6,2.0,4.1,Software Developer
3.4,4.8,3.1,4.1,2.2,2.5,1.6,3.4,2.2,4.4,Software Developer
3.3,3.1,4.0,4.5,2.4,4.8,1.7,2.1,1.8,5.0,Software Developer
3.6,3.2,4.0,4.1,3.5,3.6,1.3,3.2,2.0,5.0,Software Developer
3.8,3.5,3.1,5.0,2.3,2.8,1.0,2.7,3.1,3.9,Software Developer
3.5,4.8,3.5,4.7,1.9,3.2,1.4,3.0,2.7,5.0,Software Developer
3.8,4.2,3.6,4.3,2.7,2.8,1.6,3.2,1.4,5.0,Software Developer
4.2,3.9,2.3,4.2,3.2,3.0,1.0,2.2,2.5,4.8,Software Developer
3.4,3.8,3.3,4.0,3.4,2.8,2.2,3.3,2.5,4.3,Software Developer
3.7,4.0,3.0,4.7,1.9,3.7,1.2,2.6,2.2,4.4,Software Developer
3.8,3.7,4.0,3.8,2.6,4.1,0.9,2.1,2.3,4.6,Software Developer
3.7,4.3,3.8,5.0,2.7,2.9,1.9,3.5,1.9,4.0,Software Developer
4.1,3.9,2.3,5.0,2.2,3.0,1.7,2.6,2.4,4.3,Software Developer
3.8,3.9,3.9,4.8,2.0,3.6,1.2,2.9,2.2,5.0,Software Developer
3.4,3.8,3.5,4.3,2.9,2.1,0.9,1.9,2.5,5.0,Software Developer
3.4,3.9,3.5,5.0,2.0,3.1,2.0,2.8,2.1,5.0,Software Developer
2.0,4.4,3.1,3.5,2.8,3.8,1.4,3.0,2.9,5.0,Software Developer
4.4,4.4,3.5,3.6,2.4,2.5,2.7,2.4,2.1,4.8,Software Developer
3.5,4.9,3.2,4.6,2.1,2.3,1.2,2.5,1.8,4.1,Software Developer
2.7,4.0,2.7,4.9,2.5,2.2,1.3,2.1,2.2,5.0,Software Developer
2.5,4.1,3.4,4.9,2.6,2.6,1.3,2.1,2.6,4.5,Software Developer
4.5,4.0,3.1,3.7,1.5,2.1,1.6,2.8,1.1,5.0,Software Developer
3.2,4.1,4.4,5.0,2.4,2.5,0.3,2.1,1.9,4.0,Software Developer
3.4,4.0,3.4,4.1,2.6,3.2,0.9,3.3,1.9,4.5,Software Developer
3.9,4.1,4.0,4.7,2.2,3.2,0.9,2.6,2.0,4.4,Software Developer
3.4,3.0,3.2,4.6,2.6,2.4,2.2,2.0,2.5,4.7,Software Developer
3.1,5.0,2.8,5.0,3.1,2.6,2.3,2.4,2.2,4.6,Software Developer
3.4,4.4,3.9,3.5,3.2,2.1,2.1,3.1,1.4,4.3,Software Developer
2.9,3.9,3.3,4.9,3.2,3.8,1.2,2.4,1.1,4.1,Software Developer
4.0,4.9,2.8,4.2,2.5,3.2,1.1,2.7,1.7,4.5,Software Developer
3.8,4.0,3.3,4.4,2.5,2.8,1.4,3.4,2.3,4.3,Software Developer
3.9,3.8,4.1,4.7,2.4,3.2,0.6,1.9,1.3,4.6,Software Developer
4.5,5.0,3.9,4.8,1.5,2.7,1.1,2.2,1.9,4.2,Software Developer
2.4,4.4,2.9,4.6,3.6,2.5,0.1,2.3,2.6,5.0,Software Developer
2.8,4.3,3.2,4.4,4.0,2.2,1.6,2.8,2.6,4.6,Software Developer
3.7,3.8,3.6,4.3,2.8,2.8,1.7,2.5,2.6,4.5,Software Developer
2.5,4.7,3.0,4.1,2.2,3.8,0.3,4.2,2.6,4.6,Software Developer
3.5,4.2,3.8,4.9,2.8,3.0,1.4,2.4,1.9,5.0,Software Developer
3.8,2.4,3.9,4.6,2.5,2.8,2.1,3.0,1.6,4.7,Software Developer
3.0,3.2,3.2,5.0,3.0,3.3,1.9,2.8,1.6,4.7,Software Developer
3.9,4.4,4.2,4.9,2.7,3.6,1.5,2.0,1.9,4.1,Software Developer
3.1,3.9,3.1,4.3,1.5,3.1,1.5,2.1,2.4,5.0,Software Developer
2.6,3.6,3.1,4.0,3.0,2.9,1.4,1.4,2.3,3.8,Software Developer
3.5,4.2,4.2,3.8,0.8,3.1,2.5,3.2,2.1,4.2,Software Developer
3.9,3.5,3.8,4.8,3.1,4.5,1.7,2.2,2.0,3.5,Software Developer
3.1,3.8,3.2,4.6,2.0,3.6,1.5,2.5,1.8,4.6,Software Developer
4.0,3.5,3.1,4.3,1.8,2.5,1.2,3.0,2.1,4.6,Software Developer
4.0,3.9,3.7,4.4,2.6,2.7,0.2,2.4,2.8,5.0,Software Developer
4.0,4.7,3.5,4.6,2.2,2.8,1.8,3.2,1.9,4.3,Software Developer
3.5,4.3,2.7,3.2,2.2,2.3,1.2,2.4,1.8,5.0,Software Developer
3.7,4.2,3.8,3.9,3.1,3.0,1.9,1.9,1.1,4.9,Software Developer
3.7,3.5,3.0,5.0,1.8,3.9,1.0,2.9,1.8,4.8,Software Developer
3.2,3.9,3.5,3.9,2.9,2.7,1.4,2.0,0.6,4.4,Software Developer
4.8,4.4,3.5,4.4,2.5,3.3,0.9,3.1,2.4,4.9,Software Developer
3.7,4.0,3.9,4.8,2.3,2.7,1.6,3.4,1.3,3.7,Software Developer
3.6,4.0,3.6,4.6,2.4,3.8,0.6,2.0,1.9,3.6,Software Developer
3.4,4.9,3.5,4.6,1.8,2.7,1.3,2.3,2.7,4.8,Software Developer
2.9,4.1,3.8,5.0,3.4,2.4,1.1,1.8,1.9,4.8,Software Developer
4.0,4.0,3.3,4.6,2.0,4.1,0.6,2.6,3.1,4.5,Software Developer
3.4,3.8,3.4,5.0,1.3,3.8,0.7,2.4,1.8,4.8,Software Developer
2.6,4.3,4.6,3.8,2.6,2.6,1.7,2.5,1.6,4.8,Software Developer
4.5,3.9,3.9,3.8,2.0,3.3,2.3,2.7,1.8,4.5,Software Developer
2.8,4.3,4.0,4.3,2.2,3.1,1.3,2.5,3.2,4.4,Software Developer
3.3,3.6,3.9,4.4,2.1,3.7,2.3,2.2,1.0,5.0,Software Developer
3.1,4.4,2.4,5.0,1.8,3.4,1.5,2.0,1.8,4.9,Software Developer
3.6,4.3,4.6,3.6,3.4,3.1,1.0,1.8,1.9,5.0,Software Developer
3.4,4.8,2.7,4.5,1.8,3.2,2.0,2.3,0.6,4.6,Software Developer
3.7,4.2,4.2,3.9,2.9,3.7,0.5,2.7,1.7,4.5,Software Developer
3.7,3.7,3.1,4.5,1.9,2.4,1.9,1.9,2.4,4.8,Software Developer
2.6,3.6,4.2,4.0,2.2,3.3,1.9,2.4,1.7,5.0,Software Developer
4.5,4.5,3.5,4.1,2.0,3.3,1.7,3.3,2.4,3.7,Software Developer
4.1,3.5,3.3,4.6,3.6,4.7,1.8,2.4,2.3,5.0,Software Developer
3.3,5.0,3.6,4.8,2.9,3.2,2.0,2.2,1.7,3.9,Software Developer
3.7,4.4,3.8,5.0,2.5,3.4,0.9,2.3,2.4,5.0,Software Developer
3.3,4.0,2.7,4.3,3.0,3.3,1.8,2.5,2.0,4.1,Software Developer
3.9,4.2,3.8,4.2,1.3,3.6,1.2,2.0,2.4,4.3,Software Developer
4.1,4.3,3.9,3.7,3.2,3.1,1.3,2.6,1.0,4.7,Software Developer
2.9,3.3,2.7,5.0,2.2,3.8,1.2,1.6,1.4,5.0,Software Developer
3.4,3.7,3.6,4.8,3.1,3.8,1.3,1.8,1.8,4.6,Software Developer
3.0,3.5,3.7,4.5,2.5,2.6,1.4,2.0,2.5,5.0,Software Developer
2.5,3.5,2.7,4.1,2.5,2.2,1.0,1.9,2.1,4.5,Software Developer
3.1,4.1,3.2,4.4,3.4,3.7,0.8,3.0,2.4,3.9,Software Developer
4.0,4.8,2.9,4.0,3.1,3.1,1.8,2.7,2.2,3.8,Software Developer
4.1,4.6,3.4,4.5,1.7,3.3,1.8,2.5,2.6,4.3,Software Developer
3.8,3.4,3.5,4.4,2.6,2.8,1.4,3.0,1.8,3.6,Software Developer
4.5,4.8,2.8,4.9,2.2,3.1,1.7,2.4,1.6,4.1,Software Developer
3.0,3.5,3.5,4.1,2.9,3.8,1.2,2.6,2.3,4.8,Software Developer
3.5,4.4,3.8,3.8,3.0,3.5,1.1,2.5,2.4,4.4,Software Developer
4.1,5.0,3.1,3.7,2.7,3.4,1.4,3.3,1.3,4.9,Software Developer
3.2,4.9,4.6,4.1,2.2,3.5,1.3,2.5,2.0,3.4,Software Developer
3.5,3.6,3.2,5.0,1.8,3.4,1.3,2.3,2.4,4.7,Software Developer
3.8,4.5,3.3,4.2,1.9,2.5,3.1,3.2,1.3,3.8,Software Developer
3.8,4.3,3.8,4.4,2.4,3.2,1.5,1.3,1.9,4.0,Software Developer
3.6,5.0,3.7,4.3,3.0,3.3,1.7,2.8,3.1,3.9,Software Developer
3.8,3.5,3.8,4.0,2.3,2.8,2.0,3.0,1.3,4.5,Software Developer
3.1,3.3,3.4,4.3,3.8,3.2,0.7,2.2,2.6,5.0,Software Developer
2.6,3.0,4.5,4.7,2.0,3.3,0.1,2.5,2.2,5.0,Software Developer
2.9,4.0,3.0,4.6,2.0,2.8,1.0,2.9,2.5,4.4,Software Developer
3.5,3.2,3.3,4.5,3.9,2.4,2.3,3.0,2.2,5.0,Software Developer
3.7,4.2,3.5,5.0,3.1,2.7,0.8,2.4,1.6,4.5,Software Developer
4.2,3.7,3.5,4.5,3.0,1.8,1.2,2.6,2.7,4.2,Software Developer
2.5,4.3,3.2,3.8,2.2,2.9,1.2,1.3,2.5,5.0,Software Developer
3.9,3.4,3.4,4.5,2.8,3.4,1.1,2.5,2.3,5.0,Software Developer
3.9,4.4,3.5,5.0,2.7,2.5,2.3,2.9,1.8,4.2,Software Developer
3.7,4.3,3.6,4.7,3.4,3.6,1.6,3.0,1.4,4.7,Software Developer
4.5,3.9,3.0,4.1,1.9,2.6,1.3,1.7,2.0,5.0,Software Developer
3.0,4.8,3.8,5.0,2.1,3.5,0.9,3.0,2.1,4.8,Software Developer
2.9,3.5,3.8,4.0,2.8,2.2,2.0,1.8,2.3,4.8,Software Developer
3.1,4.3,3.6,4.2,1.9,1.9,1.7,1.6,2.1,4.4,Software Developer
3.9,3.8,3.3,4.9,2.7,3.2,1.8,1.7,2.4,4.8,Software Developer
2.9,3.9,3.5,4.4,2.7,3.8,2.1,1.8,2.3,5.0,Software Developer
3.7,4.6,4.6,5.0,2.6,3.6,1.6,2.5,1.8,5.0,Software Developer
3.0,4.8,3.8,3.7,2.7,1.8,1.8,3.0,1.7,4.6,Software Developer
4.6,3.7,2.9,5.0,3.6,3.0,2.1,3.2,1.6,4.2,Software Developer
4.2,4.9,3.8,4.0,3.6,2.7,1.3,2.7,2.9,5.0,Software Developer
3.7,4.3,3.5,4.8,1.1,2.8,1.6,1.9,2.2,4.4,Software Developer
4.5,4.9,3.2,4.4,2.5,2.8,1.6,2.1,1.4,4.8,Software Developer
3.8,3.6,4.0,4.2,2.6,3.5,1.5,2.8,1.7,4.4,Software Developer
3.4,3.6,3.4,3.6,2.2,2.8,1.4,2.4,2.0,4.8,Software Developer
4.0,3.6,2.8,3.9,2.2,2.8,1.1,1.8,1.7,4.6,Software Developer
3.8,3.7,3.3,4.0,2.5,2.5,1.8,1.5,1.8,4.7,Software Developer
3.6,5.0,3.7,3.9,2.4,2.0,1.5,2.0,2.5,4.2,Software Developer
3.4,3.7,4.5,4.3,3.5,3.4,1.8,2.7,2.2,3.4,Software Developer
3.3,4.5,3.5,3.7,2.5,3.9,2.2,2.5,2.5,4.3,Software Developer
2.6,3.5,4.4,4.3,2.4,2.8,2.5,3.4,3.2,4.4,Software Developer
3.7,3.2,4.3,3.9,2.6,2.4,1.2,2.0,1.7,4.2,Software Developer
3.2,4.5,2.9,4.6,3.2,2.7,1.1,2.4,2.6,4.6,Software Developer
3.2,4.3,2.9,4.9,2.7,2.8,1.0,2.0,2.3,5.0,Software Developer
3.1,4.3,2.4,4.2,2.5,2.5,1.0,2.1,2.2,4.4,Software Developer
2.3,2.8,3.2,4.8,1.0,2.7,1.2,3.3,1.8,4.7,Software Developer
3.6,2.8,3.9,4.6,2.8,5.0,0.4,3.4,1.8,4.7,Software Developer
3.5,3.8,3.2,4.7,1.7,3.4,1.3,1.9,1.8,5.0,Software Developer
3.2,4.2,3.1,4.9,2.9,4.0,1.4,2.9,2.1,5.0,Software Developer
3.1,4.4,3.4,4.5,2.6,3.1,1.4,2.6,2.9,5.0,Software Developer
4.0,3.7,3.0,5.0,3.0,3.8,1.2,2.4,1.1,4.3,Software Developer
4.0,3.7,3.9,4.4,2.7,2.4,1.5,0.9,1.9,3.6,Software Developer
4.2,4.4,3.8,5.0,2.0,4.0,2.0,2.4,2.6,3.9,Software Developer
3.0,3.7,3.2,3.9,3.2,2.9,1.7,2.2,1.0,4.6,Software Developer
2.4,4.0,2.7,5.0,3.0,3.1,2.2,2.0,2.3,4.6,Software Developer
3.6,4.7,3.9,4.7,1.6,2.5,1.4,2.6,1.4,5.0,Software Developer
4.3,4.3,3.5,4.4,2.0,3.0,1.6,1.8,2.2,4.4,Software Developer
1.5,1.5,2.8,5.0,5.0,4.1,1.3,0.6,3.1,2.7,Web Developer
2.4,2.7,2.3,3.2,4.5,5.0,0.2,0.0,2.3,3.3,Web Developer
3.2,1.7,2.8,4.6,3.8,4.6,1.1,1.7,2.2,3.0,Web Developer
1.1,1.6,3.2,3.5,4.8,5.0,0.8,1.6,2.0,2.9,Web Developer
2.8,2.1,2.7,4.1,5.0,3.7,1.6,1.3,2.7,3.7,Web Developer
1.7,1.6,2.8,3.6,5.0,4.3,0.7,1.6,1.8,2.8,Web Developer
2.7,1.8,2.9,3.7,4.0,5.0,2.0,1.5,2.6,3.4,Web Developer
1.8,2.9,3.1,4.9,4.4,5.0,1.4,1.8,2.6,2.9,Web Developer
3.2,2.1,1.9,3.4,4.7,5.0,1.0,2.2,1.4,3.1,Web Developer
1.5,2.4,2.9,4.2,4.3,5.0,1.6,1.8,2.4,3.3,Web Developer
2.1,2.5,3.9,4.6,4.4,5.0,0.3,1.8,2.7,2.0,Web Developer
1.9,1.8,2.8,3.3,5.0,4.9,0.9,1.1,3.1,3.9,Web Developer
2.2,1.7,3.3,3.8,4.7,5.0,0.0,2.2,2.5,2.8,Web Developer
2.5,2.0,2.0,4.8,4.8,5.0,1.5,0.9,2.8,2.9,Web Developer
3.0,0.8,2.9,3.7,5.0,5.0,0.6,1.1,2.4,2.5,Web Developer
3.0,1.8,1.4,3.8,4.2,3.9,0.3,1.6,3.2,3.2,Web Developer
2.2,2.3,2.7,3.6,4.2,3.8,0.8,1.6,2.4,2.8,Web Developer
2.0,2.3,2.3,4.4,4.2,4.4,0.2,1.2,3.0,3.3,Web Developer
3.0,2.3,2.4,3.8,4.4,5.0,0.3,2.0,3.0,4.0,Web Developer
2.3,2.4,4.3,3.7,4.0,3.8,1.4,0.5,2.3,3.2,Web Developer
2.6,2.2,3.1,4.7,4.3,4.4,0.6,2.0,3.0,3.2,Web Developer
3.2,1.4,3.9,4.8,5.0,5.0,0.1,1.2,2.1,3.4,Web Developer
1.9,2.4,3.8,4.4,5.0,4.3,0.5,2.2,2.9,3.0,Web Developer
2.3,0.9,2.4,5.0,4.1,4.9,1.6,0.8,2.6,3.5,Web Developer
2.5,3.6,2.1,4.6,4.7,5.0,1.2,1.1,2.6,2.0,Web Developer
2.8,2.2,3.4,4.6,5.0,4.9,0.5,1.1,3.2,3.8,Web Developer
2.4,2.0,2.5,4.6,5.0,5.0,0.5,1.3,2.6,3.4,Web Developer
2.4,1.5,3.5,4.4,4.3,5.0,1.6,1.6,2.5,3.3,Web Developer
2.0,2.0,1.8,4.5,3.9,5.0,0.8,1.4,2.2,2.8,Web Developer
3.3,0.6,3.7,4.2,4.1,4.2,1.9,1.0,1.9,3.6,Web Developer
2.7,1.5,3.1,3.4,5.0,5.0,1.3,1.7,3.5,3.0,Web Developer
1.8,2.2,4.1,3.4,4.6,5.0,1.0,1.0,3.1,4.3,Web Developer
2.6,1.5,2.1,4.1,5.0,5.0,1.0,1.2,1.9,3.5,Web Developer
3.0,1.1,3.9,4.3,5.0,4.1,0.2,1.4,2.8,4.0,Web Developer
2.9,1.9,2.4,4.7,4.3,5.0,0.8,2.4,2.9,2.9,Web Developer
2.2,1.8,3.2,4.0,4.5,4.7,1.0,0.3,2.8,2.5,Web Developer
1.9,1.1,2.0,3.3,4.4,5.0,0.7,1.6,2.7,3.1,Web Developer
2.5,1.3,3.8,5.0,3.9,4.2,0.8,1.0,2.8,2.6,Web Developer
3.7,2.7,3.1,4.6,5.0,4.5,0.6,1.5,3.0,3.1,Web Developer
1.6,1.6,3.0,4.0,5.0,4.0,1.3,2.3,3.7,2.8,Web Developer
2.8,2.3,3.1,3.9,5.0,3.4,1.4,1.6,2.4,4.1,Web Developer
2.1,1.8,4.1,3.5,4.5,4.7,1.5,1.6,1.8,2.7,Web Developer
2.2,2.0,3.2,4.2,3.8,5.0,1.1,2.3,2.7,3.6,Web Developer
2.8,2.7,3.3,3.9,5.0,5.0,1.3,0.8,1.8,3.2,Web Developer
2.6,1.7,3.1,4.9,5.0,4.2,0.9,1.1,2.3,2.8,Web Developer
2.2,1.3,2.9,3.7,3.2,5.0,1.6,1.3,2.5,2.4,Web Developer
3.4,3.0,3.1,4.6,4.9,4.1,0.8,1.6,2.2,2.9,Web Developer
2.4,2.0,3.0,3.4,4.4,4.1,1.5,0.3,3.1,3.8,Web Developer
2.3,0.6,2.8,4.0,4.2,4.5,1.8,1.9,2.0,2.1,Web Developer
2.3,1.9,3.3,3.7,5.0,5.0,1.4,1.5,2.4,2.8,Web Developer
3.1,1.7,3.0,4.0,4.5,4.0,1.2,1.5,2.8,2.7,Web Developer
3.2,1.5,3.9,3.0,5.0,5.0,0.6,1.7,3.2,1.8,Web Developer
2.8,0.6,2.5,4.9,4.5,4.2,0.9,2.6,1.5,2.4,Web Developer
3.3,3.0,2.9,3.3,5.0,5.0,1.4,1.1,2.5,2.9,Web Developer
2.7,2.8,3.5,3.4,5.0,5.0,1.4,2.3,1.9,3.0,Web Developer
2.2,1.1,3.2,5.0,3.8,4.8,1.4,1.6,2.4,2.3,Web Developer
2.6,1.6,1.8,4.7,5.0,4.8,1.1,2.1,2.6,3.5,Web Developer
2.3,2.7,3.2,4.1,4.1,5.0,0.5,1.1,2.1,2.4,Web Developer
3.7,2.7,4.1,3.3,4.8,4.1,0.6,1.0,3.2,2.8,Web Developer
3.1,2.3,4.3,3.2,5.0,5.0,0.5,2.1,2.7,2.9,Web Developer
2.0,1.6,4.1,4.0,5.0,4.4,0.6,2.1,1.8,2.8,Web Developer
2.5,2.1,2.9,4.2,5.0,5.0,0.5,1.3,3.2,3.5,Web Developer
1.7,2.2,1.9,4.0,5.0,4.3,0.5,1.9,1.7,2.7,Web Developer
2.8,1.7,2.9,4.4,5.0,4.9,0.8,1.7,2.4,3.3,Web Developer
2.2,1.9,2.5,4.0,4.4,4.2,1.1,1.6,2.9,2.8,Web Developer
2.7,2.3,3.2,3.5,4.9,5.0,1.0,0.4,2.6,4.2,Web Developer
2.3,1.6,3.2,4.2,5.0,4.1,1.4,1.8,2.4,3.2,Web Developer
3.1,2.5,2.4,4.5,4.8,4.8,1.0,1.4,3.2,3.0,Web Developer
1.9,1.8,3.1,4.7,5.0,4.3,2.4,1.6,3.2,2.9,Web Developer
2.8,2.5,3.7,4.6,5.0,4.6,0.7,1.7,3.0,2.9,Web Developer
3.1,2.8,2.5,3.5,4.7,5.0,0.7,2.2,2.7,3.0,Web Developer
1.7,1.3,3.2,2.8,5.0,4.7,2.8,2.8,2.4,2.9,Web Developer
3.0,2.9,2.1,3.0,4.5,5.0,1.3,2.1,1.8,1.7,Web Developer
3.0,1.5,1.9,4.1,5.0,4.7,0.7,1.4,2.3,2.3,Web Developer
2.1,2.3,3.2,4.1,4.3,4.7,0.0,1.6,3.3,2.2,Web Developer
2.2,2.2,3.7,3.8,4.4,3.7,1.1,2.6,2.7,3.0,Web Developer
2.7,2.0,2.6,4.5,4.9,4.8,0.5,2.2,2.9,2.7,Web Developer
3.1,1.7,2.6,3.6,3.8,5.0,0.0,0.8,1.4,3.0,Web Developer
2.4,1.8,2.4,3.4,5.0,4.5,1.2,1.0,2.6,3.7,Web Developer
2.8,1.8,3.1,3.9,4.8,4.6,0.9,1.6,2.0,2.4,Web Developer
1.7,1.1,2.3,4.1,4.3,5.0,1.0,0.4,2.9,3.4,Web Developer
2.0,2.2,2.5,4.1,4.1,3.8,0.8,1.4,2.3,2.3,Web Developer
2.3,2.1,3.0,4.1,4.4,5.0,0.4,1.8,3.2,3.3,Web Developer
2.4,1.7,3.6,3.2,4.3,4.6,1.7,1.7,2.0,2.8,Web Developer
2.2,1.6,3.5,3.2,5.0,5.0,1.6,1.2,2.4,2.2,Web Developer
2.2,2.3,3.7,3.4,4.6,4.7,0.2,1.8,2.1,2.9,Web Developer
2.3,1.6,3.0,3.9,4.6,4.4,1.2,2.4,2.6,3.5,Web Developer
1.7,2.1,2.4,3.2,4.4,5.0,1.5,1.6,1.7,2.9,Web Developer
2.7,2.1,2.0,3.5,4.8,5.0,0.0,1.4,2.6,3.5,Web Developer
2.9,2.3,2.6,3.0,4.6,5.0,1.8,1.9,2.7,3.2,Web Developer
2.2,1.9,3.9,3.5,5.0,4.6,1.7,0.7,2.8,2.6,Web Developer
1.7,2.1,3.6,3.5,4.0,4.7,1.0,1.8,3.0,3.0,Web Developer
3.5,2.1,2.8,3.1,4.7,4.6,1.5,1.8,1.9,3.1,Web Developer
2.9,2.8,3.5,4.4,4.8,5.0,1.7,0.8,2.3,2.6,Web Developer
2.7,2.7,2.7,2.7,4.6,5.0,1.3,1.7,2.3,2.3,Web Developer
2.8,1.5,4.2,4.3,4.5,4.5,0.9,1.4,3.1,3.1,Web Developer
2.1,3.0,3.0,4.4,4.5,5.0,1.2,0.5,3.6,3.7,Web Developer
2.3,1.4,3.2,4.0,5.0,4.9,1.3,2.3,2.8,2.4,Web Developer
3.2,2.9,4.7,3.4,4.9,3.7,1.3,1.2,3.6,2.6,Web Developer
1.6,1.7,1.9,4.4,3.7,4.8,0.0,1.3,3.4,3.2,Web Developer
2.0,2.0,3.0,4.3,4.0,5.0,0.0,1.2,2.2,3.3,Web Developer
2.5,1.2,2.5,4.1,4.8,4.5,0.7,1.9,2.2,3.0,Web Developer
3.7,1.2,2.0,4.4,4.4,4.6,0.6,1.4,3.4,3.4,Web Developer
3.0,1.2,2.4,2.4,4.4,5.0,1.3,1.4,2.5,2.6,Web Developer
2.6,2.4,2.1,4.2,5.0,4.6,1.4,3.0,2.4,3.2,Web Developer
2.1,2.1,3.3,4.1,4.2,4.9,1.8,1.7,3.0,2.9,Web Developer
2.9,2.2,2.5,4.2,4.3,4.5,1.1,1.7,1.8,3.6,Web Developer
2.8,1.6,2.2,3.9,4.6,4.9,0.8,0.4,2.3,2.8,Web Developer
2.8,1.6,3.9,2.9,5.0,4.7,1.5,1.5,3.1,2.8,Web Developer
1.9,2.8,2.9,4.1,5.0,4.2,1.3,1.2,2.4,3.0,Web Developer
1.7,1.6,3.7,4.5,4.8,4.9,0.8,2.2,2.4,3.1,Web Developer
3.1,1.6,3.9,3.2,5.0,4.6,0.9,0.5,2.2,2.4,Web Developer
2.2,1.9,3.5,4.1,5.0,4.2,0.5,2.5,2.1,3.9,Web Developer
2.4,2.0,3.6,4.7,4.7,4.6,1.0,1.7,3.0,3.0,Web Developer
2.8,2.9,3.2,4.2,4.0,3.4,1.2,1.4,2.2,3.1,Web Developer
2.5,2.6,3.0,3.6,5.0,4.7,1.3,1.2,2.1,3.0,Web Developer
2.5,2.3,2.9,3.0,4.6,5.0,0.8,1.4,3.0,2.6,Web Developer
1.7,1.9,2.7,3.5,4.7,5.0,1.0,1.7,3.5,2.8,Web Developer
2.7,1.7,2.5,3.7,4.5,5.0,2.3,1.1,2.3,3.0,Web Developer
2.7,2.1,3.7,2.7,3.5,4.5,1.6,0.6,0.8,3.3,Web Developer
2.6,1.4,2.5,3.5,4.9,4.5,1.3,0.0,2.0,2.4,Web Developer
2.4,1.7,3.4,3.0,4.8,5.0,2.0,1.2,2.7,2.0,Web Developer
1.2,2.5,3.0,4.6,4.0,5.0,2.0,1.7,2.7,3.0,Web Developer
1.6,2.7,2.7,4.3,3.9,4.2,1.8,1.3,3.3,3.0,Web Developer
1.5,2.5,2.7,4.4,4.8,4.0,1.1,2.7,2.8,3.0,Web Developer
3.1,2.1,3.1,3.4,4.9,5.0,0.5,2.3,2.4,2.5,Web Developer
3.0,1.8,3.4,3.8,4.8,5.0,1.2,0.4,1.9,3.5,Web Developer
2.4,1.7,2.3,3.4,3.7,4.7,0.7,1.0,2.5,3.2,Web Developer
3.7,1.2,3.6,4.5,4.4,4.9,0.7,1.6,3.3,3.3,Web Developer
2.8,1.8,2.2,3.9,5.0,4.0,0.4,1.6,2.0,2.6,Web Developer
2.3,1.2,2.5,4.4,4.1,3.9,0.7,1.9,2.4,2.7,Web Developer
2.5,1.0,3.3,4.2,4.6,5.0,0.4,2.1,2.6,2.8,Web Developer
2.5,1.9,3.7,3.4,4.4,5.0,0.7,2.0,3.4,2.8,Web Developer
2.9,1.4,3.4,4.1,5.0,4.4,0.1,1.8,1.4,2.8,Web Developer
3.0,2.1,4.1,4.6,4.4,4.8,1.0,0.6,2.0,2.7,Web Developer
1.4,2.0,2.9,3.1,5.0,5.0,1.1,1.3,2.8,3.4,Web Developer
2.7,1.5,3.2,4.7,4.5,5.0,0.7,1.5,2.1,3.1,Web Developer
1.5,1.7,2.4,4.1,5.0,5.0,0.0,2.6,2.7,2.6,Web Developer
2.6,2.1,2.6,4.1,4.5,4.6,0.6,0.7,2.6,3.3,Web Developer
2.8,2.5,3.2,3.7,5.0,4.1,0.5,1.0,3.1,3.5,Web Developer
2.8,2.6,2.5,4.2,4.7,5.0,0.9,1.3,2.8,3.5,Web Developer
2.1,2.0,2.4,2.6,4.9,5.0,1.1,0.4,2.3,1.8,Web Developer
3.3,1.4,3.7,4.5,4.3,4.2,1.2,1.0,2.6,2.7,Web Developer
1.5,0.8,3.1,3.7,4.5,5.0,1.6,1.4,2.3,3.3,Web Developer
1.8,2.1,3.3,4.4,3.7,4.4,0.5,1.6,2.8,3.8,Web Developer
2.2,1.7,3.6,4.2,5.0,5.0,0.4,0.8,1.6,3.4,Web Developer
3.2,3.0,3.5,4.6,4.5,4.2,1.5,1.7,2.6,3.2,Web Developer
2.7,2.7,3.7,4.3,5.0,5.0,0.7,1.9,1.7,3.6,Web Developer
1.8,2.2,2.5,4.3,4.8,3.9,1.2,1.2,3.0,3.0,Web Developer
2.7,1.5,2.7,3.7,5.0,5.0,0.6,2.1,1.3,2.3,Web Developer
2.0,1.3,2.1,4.2,4.7,5.0,1.4,1.6,2.9,3.0,Web Developer
1.8,2.6,2.7,3.5,4.7,4.3,0.8,1.7,2.7,2.5,Web Developer
2.2,2.6,3.3,5.0,5.0,5.0,0.2,1.9,2.5,2.7,Web Developer
2.6,2.5,3.3,3.5,5.0,4.4,1.1,1.3,2.4,3.4,Web Developer
1.9,3.1,2.0,3.7,5.0,5.0,0.9,1.5,2.7,2.9,Web Developer
3.3,2.5,3.5,3.5,4.8,4.6,0.4,1.7,2.2,3.4,Web Developer
1.9,2.9,2.5,4.1,5.0,4.5,1.5,0.8,3.3,3.0,Web Developer
2.2,1.8,3.4,3.7,4.4,4.7,0.4,2.5,2.2,3.5,Web Developer
2.6,1.5,3.0,4.4,4.7,5.0,1.6,2.0,2.2,2.4,Web Developer
2.2,2.1,3.3,2.8,4.8,4.9,0.8,2.2,2.7,3.7,Web Developer
2.4,2.5,3.9,4.7,4.2,4.7,0.8,1.8,2.9,2.5,Web Developer
2.5,0.9,3.8,3.7,4.8,4.6,1.6,0.0,2.5,2.9,Web Developer
2.3,2.9,2.5,4.4,5.0,5.0,0.6,1.1,3.1,3.2,Web Developer
1.7,1.7,3.2,4.5,4.4,3.2,1.3,0.8,1.4,1.4,Web Developer
2.9,2.1,2.9,4.8,5.0,5.0,0.2,1.5,1.6,2.9,Web Developer
2.4,2.3,3.0,4.3,5.0,5.0,0.8,1.0,2.6,2.6,Web Developer
3.3,1.8,2.7,3.7,5.0,4.7,0.6,2.4,2.0,3.0,Web Developer
2.9,1.1,3.3,3.4,5.0,4.3,1.4,2.1,3.0,3.1,Web Developer
2.4,1.7,3.8,3.6,4.2,5.0,0.6,1.0,1.7,2.7,Web Developer
2.5,2.1,3.5,4.3,4.7,4.7,1.3,2.2,2.6,2.7,Web Developer
2.0,1.2,3.4,4.3,5.0,4.7,1.8,1.2,3.0,3.0,Web Developer
2.2,2.3,3.2,4.2,4.8,4.8,2.3,2.2,2.9,3.1,Web Developer
3.1,2.3,3.0,3.8,4.8,3.1,1.1,1.2,3.4,3.0,Web Developer
1.8,2.0,2.4,4.3,5.0,5.0,0.6,1.5,1.7,3.4,Web Developer
2.8,2.3,3.0,4.2,5.0,4.6,1.1,0.9,2.0,3.1,Web Developer
3.1,1.9,2.9,3.8,4.5,5.0,0.2,2.2,2.1,3.4,Web Developer
1.8,2.4,3.4,4.2,4.3,4.9,0.3,1.4,3.1,3.4,Web Developer
2.5,1.5,3.4,4.0,3.5,5.0,1.0,2.2,1.9,1.3,Web Developer
2.7,2.2,2.1,3.5,5.0,4.6,1.4,1.1,1.4,2.9,Web Developer
2.4,1.8,2.9,4.1,4.7,4.1,1.3,0.4,1.4,3.4,Web Developer
2.8,2.0,2.2,3.6,4.7,3.9,0.6,1.9,3.3,2.8,Web Developer
2.9,0.9,3.4,3.6,5.0,4.7,1.7,1.0,2.8,2.8,Web Developer
2.4,1.9,2.5,4.0,4.8,4.9,1.0,1.9,3.0,2.4,Web Developer
3.0,1.3,3.3,4.3,3.7,4.9,0.7,1.1,3.2,2.6,Web Developer
2.1,2.0,3.4,3.9,5.0,5.0,0.0,1.2,2.2,3.3,Web Developer
1.1,3.4,3.3,4.1,5.0,5.0,1.5,2.0,2.6,2.9,Web Developer
2.2,1.5,2.6,3.3,4.8,3.9,1.1,1.5,2.6,2.7,Web Developer
4.2,2.7,2.3,4.1,4.5,4.2,0.3,1.7,2.1,3.5,Web Developer
3.0,2.8,2.5,4.3,5.0,4.5,0.6,2.4,2.6,3.3,Web Developer
2.0,1.3,2.7,3.9,4.2,4.8,0.1,0.9,2.9,3.3,Web Developer
2.3,1.4,2.4,3.8,5.0,5.0,0.7,0.9,2.6,2.5,Web Developer
2.2,2.7,3.5,4.1,4.1,4.9,1.6,1.3,3.2,3.7,Web Developer
3.4,2.2,3.3,4.8,5.0,4.5,0.8,1.6,1.8,2.9,Web Developer
3.1,0.8,3.8,4.6,4.5,5.0,1.0,2.2,3.0,2.2,Web Developer
2.8,1.9,3.0,3.6,5.0,5.0,0.6,0.8,2.3,3.2,Web Developer
2.6,2.7,3.4,4.5,5.0,4.0,0.9,2.1,2.5,3.3,Web Developer
2.3,1.4,2.9,4.2,4.4,4.7,0.5,2.1,2.3,3.8,Web Developer
3.3,2.0,2.4,2.9,4.0,4.0,1.8,1.6,2.7,1.8,Web Developer
1.8,2.5,3.2,3.9,5.0,5.0,0.9,1.5,2.6,4.3,Web Developer
1.3,2.4,2.9,4.3,4.4,4.8,1.4,3.2,2.9,2.5,Web Developer
2.3,1.8,2.0,3.8,5.0,4.1,1.6,1.8,2.1,2.9,Web Developer
3.4,2.4,3.0,3.9,4.8,4.5,0.0,2.6,2.6,3.2,Web Developer
2.5,1.6,2.9,3.1,5.0,4.1,0.4,1.3,3.2,3.0,Web Developer
1.8,2.7,3.4,4.3,5.0,5.0,2.2,1.1,3.4,3.2,Web Developer
2.8,1.1,2.9,3.6,5.0,5.0,0.0,1.5,3.1,2.9,Web Developer
2.9,2.2,3.2,3.9,4.1,4.2,1.4,1.5,2.4,2.8,Web Developer
2.3,2.6,2.8,3.3,5.0,4.7,1.0,2.4,2.5,3.2,Web Developer
1.9,1.9,3.3,3.1,4.9,4.9,1.0,2.1,2.7,3.8,Web Developer
2.0,2.1,3.0,3.4,5.0,5.0,1.0,1.8,2.5,2.6,Web Developer
1.5,1.6,2.2,4.9,4.7,4.6,1.5,0.9,2.1,3.0,Web Developer
3.1,2.3,3.1,4.0,5.0,4.9,0.4,1.5,1.9,3.0,Web Developer
2.2,3.4,3.0,3.2,4.7,5.0,1.9,1.2,1.6,3.4,Web Developer
1.7,1.8,2.9,4.0,5.0,4.4,0.8,1.5,2.6,3.1,Web Developer
2.7,2.5,3.2,4.2,3.9,4.8,1.3,1.9,2.1,2.6,Web Developer
2.2,2.3,3.6,3.8,5.0,4.9,0.9,1.4,2.9,3.2,Web Developer
3.8,1.5,3.3,3.7,4.3,4.8,1.1,3.1,2.4,2.4,Web Developer
2.7,0.9,2.9,4.0,5.0,5.0,0.7,1.4,2.1,2.4,Web Developer
2.7,1.3,2.8,3.5,5.0,5.0,0.3,0.5,2.4,3.0,Web Developer
2.6,1.8,2.9,4.2,5.0,3.7,0.8,1.6,2.0,4.0,Web Developer
2.2,2.0,3.3,3.7,3.8,4.6,1.6,1.3,2.0,3.5,Web Developer
2.3,1.7,3.1,4.4,5.0,5.0,1.6,1.2,1.9,3.0,Web Developer
2.6,1.4,2.9,4.2,5.0,5.0,1.2,1.2,2.2,2.3,Web Developer
3.5,2.0,2.9,3.5,5.0,4.2,0.8,1.7,2.8,3.5,Web Developer
3.5,2.3,2.4,3.9,5.0,5.0,0.2,2.2,2.6,3.5,Web Developer
2.4,1.5,3.4,4.4,5.0,4.8,0.7,0.6,3.0,3.2,Web Developer
2.0,1.7,2.7,3.2,4.4,4.2,0.8,1.1,1.6,4.1,Web Developer
3.2,1.6,3.1,4.2,5.0,4.3,1.6,1.2,1.8,3.4,Web Developer
3.2,3.4,2.3,4.4,4.6,5.0,0.2,0.8,2.1,3.0,Web Developer
2.1,2.4,3.6,4.3,5.0,5.0,0.3,2.2,2.2,3.5,Web Developer
3.4,2.3,2.2,3.5,5.0,4.7,1.0,1.9,2.9,3.2,Web Developer
2.4,1.8,3.5,4.3,4.7,5.0,0.9,1.0,2.1,2.5,Web Developer
2.4,2.7,2.6,4.1,4.4,4.7,0.2,1.4,2.4,3.3,Web Developer
2.6,1.3,3.6,4.1,4.9,4.8,0.7,1.6,2.8,2.0,Web Developer
2.2,1.9,3.1,4.7,4.4,4.5,0.7,1.1,2.3,3.4,Web Developer
1.9,2.2,2.1,3.7,4.6,5.0,0.8,0.3,1.4,3.0,Web Developer
2.8,2.2,3.1,4.6,4.5,5.0,0.1,1.0,1.5,2.8,Web Developer
2.5,2.1,3.0,3.5,4.7,4.0,1.7,1.3,2.2,3.9,Web Developer
1.8,1.4,2.4,4.0,5.0,5.0,2.4,0.3,2.8,2.7,Web Developer
2.2,1.7,2.5,4.9,5.0,4.8,1.7,0.7,1.8,1.8,Web Developer
2.1,2.1,3.1,4.1,4.0,5.0,1.1,1.9,1.5,3.2,Web Developer
1.8,1.8,3.3,4.1,4.3,4.8,0.2,2.1,2.4,3.6,Web Developer
2.2,1.7,2.6,4.5,4.4,5.0,0.8,0.4,2.2,2.4,Web Developer
2.5,1.3,3.5,3.9,4.7,5.0,1.5,1.5,2.1,2.0,Web Developer
2.1,1.7,3.1,3.8,5.0,4.5,1.0,2.2,2.7,3.0,Web Developer
2.2,1.7,2.5,3.7,5.0,4.7,0.3,2.5,2.7,2.2,Web Developer
2.3,2.1,3.9,3.4,5.0,5.0,0.7,1.3,1.9,2.9,Web Developer
2.5,2.4,3.6,3.6,3.7,4.8,1.2,1.6,2.3,3.1,Web Developer
3.3,2.2,2.8,3.7,4.7,5.0,0.9,1.5,2.2,3.6,Web Developer
3.6,2.2,3.0,4.0,3.5,5.0,1.1,1.7,2.1,2.8,Web Developer
2.3,2.6,2.8,5.0,5.0,4.1,0.9,1.1,1.3,3.9,Web Developer
2.9,2.3,3.1,3.2,4.5,5.0,0.4,0.1,2.4,2.9,Web Developer
2.6,2.4,3.4,4.1,5.0,4.0,1.3,1.8,1.8,2.2,Web Developer
2.1,1.6,3.4,3.7,4.3,4.5,1.6,1.5,2.4,2.9,Web Developer
3.2,1.6,3.7,4.1,4.7,5.0,0.4,1.3,1.8,3.5,Web Developer
3.4,2.9,3.7,3.9,4.6,3.9,2.1,1.8,2.2,3.7,Web Developer
2.0,2.2,2.9,4.4,4.8,4.0,1.0,2.1,2.5,3.4,Web Developer
1.9,2.0,2.7,4.4,4.8,5.0,1.6,1.9,2.7,2.5,Web Developer
2.5,1.7,2.8,3.8,4.3,3.7,0.6,1.6,1.8,3.0,Web Developer
3.5,2.6,3.9,4.2,5.0,4.4,0.6,0.0,3.2,3.8,Web Developer
2.2,1.9,2.6,4.2,5.0,3.8,1.2,1.3,2.6,3.3,Web Developer
2.4,1.9,2.9,4.5,5.0,4.9,0.3,1.3,3.0,3.0,Web Developer
2.9,3.0,3.6,4.1,4.5,3.4,0.9,1.3,2.7,2.9,Web Developer
2.3,1.0,2.5,4.3,5.0,4.7,1.2,2.0,2.1,3.2,Web Developer
2.1,2.5,3.1,4.2,4.4,5.0,2.1,0.9,2.3,3.1,Web Developer
2.9,1.7,1.4,4.7,5.0,3.8,0.7,2.4,3.3,3.5,Web Developer
2.4,2.0,2.9,4.6,4.3,4.4,1.6,1.5,3.3,2.6,Web Developer
2.5,1.5,3.0,3.2,4.5,4.0,1.4,1.9,1.5,3.7,Web Developer
3.9,2.0,2.6,5.0,4.1,4.8,1.1,2.2,2.7,2.7,Web Developer
2.0,1.8,2.4,4.0,4.5,4.0,1.7,1.2,1.8,2.9,Web Developer
2.5,1.0,3.2,3.4,5.0,5.0,0.8,1.1,2.4,3.3,Web Developer
2.5,1.9,3.0,3.7,4.6,3.7,1.5,1.7,2.1,4.0,Web Developer
2.5,1.4,3.5,4.2,5.0,4.6,1.2,1.4,2.8,2.0,Web Developer
2.3,2.9,2.6,3.7,4.6,4.1,0.0,1.4,2.6,3.0,Web Developer
2.4,2.0,3.6,3.9,4.5,4.6,1.3,2.3,2.2,3.1,Web Developer
2.7,1.5,3.0,3.2,3.8,5.0,0.8,1.6,2.5,2.5,Web Developer
2.5,1.3,3.8,3.3,4.7,4.2,1.3,1.3,2.2,3.5,Web Developer
2.5,2.3,2.5,3.2,4.9,4.6,1.3,1.5,2.6,2.1,Web Developer
3.5,1.9,3.4,3.5,5.0,4.1,1.2,1.3,2.5,3.4,Web Developer
1.8,1.6,3.3,5.0,4.7,5.0,0.9,2.6,1.5,3.1,Web Developer
1.6,0.6,3.2,4.1,4.6,4.7,2.7,1.4,2.8,2.6,Web Developer
2.7,1.9,2.8,5.0,5.0,4.9,0.0,1.3,4.0,2.9,Web Developer
3.1,2.8,3.1,3.5,3.5,5.0,0.6,1.6,1.8,2.9,Web Developer
2.5,2.1,2.4,4.7,4.5,3.9,0.9,1.5,2.6,3.7,Web Developer
2.4,1.9,2.4,4.5,4.9,4.6,0.0,2.3,1.8,2.7,Web Developer
2.7,1.3,2.2,2.8,5.0,4.5,2.6,1.0,2.0,2.7,Web Developer
2.6,1.7,3.3,3.5,4.0,3.8,0.0,1.2,2.3,2.7,Web Developer
3.2,2.7,2.8,3.0,4.5,4.5,0.6,1.1,2.1,2.8,Web Developer
2.2,2.1,3.2,3.5,5.0,4.3,0.1,1.7,2.1,3.2,Web Developer
1.2,2.8,3.4,3.2,4.0,5.0,0.6,1.0,1.3,2.8,Web Developer
2.4,2.4,2.2,3.2,5.0,5.0,0.1,2.1,2.5,3.6,Web Developer
2.5,0.6,2.9,4.6,4.3,4.6,0.9,0.0,3.4,2.5,Web Developer
2.8,2.0,3.7,4.2,4.7,4.3,1.4,0.5,2.9,2.4,Web Developer
3.2,2.1,3.4,4.0,3.8,4.3,1.4,1.6,3.1,3.2,Web Developer
2.0,1.6,3.1,2.7,5.0,5.0,1.7,0.6,3.2,4.2,Web Developer
1.8,2.4,3.0,3.2,5.0,5.0,0.7,2.1,1.6,2.2,Web Developer
2.6,2.0,2.6,4.4,5.0,5.0,0.9,1.8,2.3,4.1,Web Developer
2.1,3.2,3.0,3.2,5.0,4.9,1.5,2.2,2.7,2.7,Web Developer
3.0,2.0,3.4,2.8,5.0,4.4,1.9,1.8,2.6,3.3,Web Developer
2.0,2.9,4.1,4.2,5.0,4.5,0.6,1.5,2.7,2.8,Web Developer
2.8,2.2,2.5,4.3,5.0,4.9,1.6,0.8,2.8,2.4,Web Developer
2.9,0.7,4.0,2.7,0.9,2.0,2.3,3.6,5.0,2.0,Data Analyst
3.5,1.2,4.6,3.6,1.3,1.0,3.7,4.6,4.7,3.0,Data Analyst
3.6,1.2,5.0,2.8,0.8,1.6,3.1,3.7,3.7,2.2,Data Analyst
2.6,0.8,4.8,2.5,0.2,1.5,3.0,3.6,5.0,2.9,Data Analyst
4.0,1.7,5.0,2.8,1.1,1.3,2.5,5.0,4.1,2.0,Data Analyst
4.3,1.6,4.3,3.5,1.2,2.3,2.5,5.0,5.0,2.8,Data Analyst
3.5,1.4,4.3,4.3,1.1,1.3,2.0,5.0,5.0,2.2,Data Analyst
3.8,0.2,4.6,3.2,1.9,1.1,1.8,4.0,4.1,3.2,Data Analyst
4.4,1.2,5.0,3.1,0.9,1.3,2.3,3.6,4.9,2.5,Data Analyst
3.9,1.1,4.4,2.5,1.0,1.9,1.9,4.5,4.9,2.1,Data Analyst
3.2,1.1,3.9,3.2,0.5,2.1,3.8,4.0,5.0,2.1,Data Analyst
4.1,0.3,4.8,2.5,0.9,0.9,3.0,4.0,5.0,2.3,Data Analyst
3.4,1.1,4.1,3.1,1.8,1.1,3.1,5.0,4.4,1.7,Data Analyst
3.7,0.7,5.0,3.0,0.6,0.9,3.1,4.2,4.8,3.0,Data Analyst
3.2,1.0,4.5,3.4,1.3,1.4,2.5,4.3,4.0,2.6,Data Analyst
4.5,0.5,4.1,2.5,1.4,1.7,2.4,4.0,4.9,1.6,Data Analyst
3.6,1.5,3.8,2.2,1.9,1.2,3.1,4.4,4.7,2.7,Data Analyst
3.0,1.1,4.3,2.3,1.2,1.4,2.4,3.8,5.0,3.0,Data Analyst
4.0,0.8,3.5,4.1,1.0,1.1,2.7,5.0,4.8,3.2,Data Analyst
4.1,0.4,4.1,3.5,0.0,1.4,1.7,4.2,4.6,2.3,Data Analyst
3.2,0.4,5.0,4.0,0.4,2.4,2.3,4.6,4.8,2.1,Data Analyst
4.0,1.1,4.2,2.3,0.5,0.6,2.5,3.8,4.7,3.3,Data Analyst
4.2,1.0,4.5,4.0,1.3,1.3,1.7,4.7,5.0,2.2,Data Analyst
3.7,0.8,4.4,1.6,0.9,2.0,2.2,4.5,4.4,2.7,Data Analyst
3.4,0.5,5.0,3.5,0.7,1.8,2.8,4.9,3.9,3.1,Data Analyst
3.2,0.8,5.0,3.2,0.8,0.3,3.3,3.8,4.2,2.3,Data Analyst
4.3,1.4,4.4,3.2,0.7,1.6,2.5,5.0,5.0,2.8,Data Analyst
3.3,1.4,4.4,2.4,0.8,1.5,3.0,4.4,4.1,2.5,Data Analyst
3.6,1.1,5.0,3.6,0.7,1.2,1.9,4.9,5.0,2.3,Data Analyst
3.4,1.8,4.8,3.2,0.3,1.9,2.0,3.9,4.6,2.2,Data Analyst
3.4,0.2,5.0,3.6,0.0,2.0,2.1,5.0,4.8,2.5,Data Analyst
3.4,1.7,3.8,3.3,1.6,1.9,3.8,4.2,5.0,2.4,Data Analyst
4.2,1.0,4.3,3.7,0.7,0.7,2.2,4.8,5.0,2.6,Data Analyst
4.2,0.3,4.3,2.8,0.9,1.5,2.9,4.3,4.9,2.5,Data Analyst
3.0,0.9,4.4,2.9,1.0,1.5,2.3,5.0,4.2,2.1,Data Analyst
5.0,0.4,3.8,3.4,0.0,1.4,3.7,3.7,3.7,1.7,Data Analyst
4.0,1.6,4.2,3.4,1.8,2.5,2.4,3.2,4.3,2.3,Data Analyst
3.4,0.9,5.0,3.7,0.9,2.1,2.7,4.5,5.0,2.5,Data Analyst
4.6,0.2,4.2,2.9,1.2,2.2,2.5,3.7,5.0,2.9,Data Analyst
2.4,1.0,3.6,2.6,0.5,1.9,2.6,3.8,5.0,1.7,Data Analyst
3.7,0.6,4.3,3.3,1.3,2.2,2.5,4.7,4.6,2.6,Data Analyst
3.7,0.9,3.5,3.2,1.2,1.1,1.8,5.0,5.0,2.4,Data Analyst
2.9,0.5,5.0,3.1,0.7,1.8,2.1,5.0,5.0,2.2,Data Analyst
3.2,0.0,3.7,2.3,1.1,1.3,1.8,4.3,5.0,2.8,Data Analyst
2.5,0.9,3.7,3.5,1.4,1.0,2.1,4.2,3.6,2.7,Data Analyst
3.3,1.5,3.9,2.7,0.2,0.9,1.8,5.0,4.4,2.6,Data Analyst
3.3,0.3,4.4,3.3,0.3,1.9,2.0,4.2,5.0,2.1,Data Analyst
3.5,0.8,4.6,1.7,0.0,1.8,3.1,4.0,4.7,2.7,Data Analyst
3.9,0.0,4.0,2.8,1.4,2.9,2.4,3.7,5.0,3.2,Data Analyst
3.6,0.5,5.0,3.4,0.4,1.7,3.0,5.0,4.8,2.3,Data Analyst
4.2,0.3,4.7,2.2,1.6,1.4,3.2,4.8,4.1,3.3,Data Analyst
4.4,1.5,4.1,2.8,1.1,1.1,3.4,4.6,3.3,2.7,Data Analyst
3.3,1.0,4.3,3.4,1.6,1.7,2.3,4.5,4.8,2.1,Data Analyst
3.8,1.3,5.0,3.7,0.6,2.0,2.0,4.9,4.5,1.9,Data Analyst
3.7,0.0,3.5,2.9,1.0,1.3,1.6,4.1,5.0,2.8,Data Analyst
3.5,1.6,4.7,2.6,0.8,0.7,2.4,5.0,5.0,3.3,Data Analyst
3.3,1.7,4.4,3.8,1.0,1.9,3.3,4.4,4.9,3.2,Data Analyst
3.4,0.3,5.0,2.7,1.1,2.1,2.2,3.9,4.9,1.5,Data Analyst
3.3,1.1,4.4,2.2,1.9,1.6,3.3,4.4,4.3,2.6,Data Analyst
3.4,0.4,5.0,2.7,0.0,2.2,2.2,4.2,3.8,3.5,Data Analyst
2.8,1.0,5.0,3.2,1.0,0.6,2.1,4.6,4.4,2.6,Data Analyst
3.9,1.5,3.8,4.2,1.4,1.5,3.1,5.0,4.0,2.4,Data Analyst
2.2,1.1,4.7,3.0,0.6,0.4,2.7,5.0,4.5,2.7,Data Analyst
2.6,1.3,4.3,2.6,0.6,1.3,2.7,3.8,4.6,2.5,Data Analyst
2.9,2.0,4.0,2.6,0.5,2.5,2.8,4.0,5.0,2.6,Data Analyst
3.6,0.8,4.1,3.2,0.7,2.5,1.8,5.0,4.7,2.7,Data Analyst
4.0,0.7,5.0,1.5,0.6,1.0,1.8,4.4,5.0,2.9,Data Analyst
3.6,0.6,4.7,3.1,1.5,1.9,2.5,4.0,4.4,2.2,Data Analyst
3.3,1.1,4.9,3.0,1.0,1.6,2.2,4.0,3.8,2.1,Data Analyst
3.8,0.6,4.4,3.3,1.3,0.9,3.0,5.0,4.2,2.0,Data Analyst
4.2,0.9,3.3,2.2,0.9,0.9,2.3,4.5,5.0,2.3,Data Analyst
4.1,1.8,5.0,3.2,0.0,1.8,3.1,4.5,5.0,3.0,Data Analyst
3.8,1.6,4.7,1.6,0.7,2.2,2.1,4.4,4.2,3.5,Data Analyst
4.4,0.5,4.6,2.6,1.3,1.8,2.9,4.7,5.0,1.9,Data Analyst
2.6,0.8,3.6,2.2,0.4,1.0,2.0,4.8,4.5,2.4,Data Analyst
4.0,0.6,4.4,3.2,0.0,0.2,2.7,4.8,5.0,2.6,Data Analyst
4.0,0.9,4.7,3.9,0.0,1.7,3.7,4.7,5.0,2.2,Data Analyst
3.5,1.0,3.3,2.4,0.4,2.0,3.0,4.7,5.0,2.4,Data Analyst
4.2,1.0,4.5,2.9,1.4,1.3,3.0,3.9,4.2,2.9,Data Analyst
3.5,0.8,5.0,2.7,0.9,2.3,3.3,5.0,4.6,3.2,Data Analyst
3.0,0.5,3.2,3.9,0.5,1.4,2.0,4.9,4.6,1.8,Data Analyst
3.7,0.2,4.0,1.8,0.2,1.6,1.4,3.7,4.8,2.2,Data Analyst
4.6,2.0,4.0,3.3,1.4,1.2,1.7,4.5,4.7,2.3,Data Analyst
3.7,0.6,3.9,3.1,1.2,0.9,3.0,3.5,4.5,2.4,Data Analyst
3.2,0.7,5.0,2.5,2.3,1.7,2.6,4.8,5.0,2.0,Data Analyst
2.9,0.6,4.5,2.1,1.0,2.4,2.6,4.3,4.5,3.0,Data Analyst
3.0,2.0,5.0,3.1,1.0,2.1,3.1,4.1,4.5,1.8,Data Analyst
3.7,1.4,3.8,2.7,0.3,1.0,2.8,4.1,4.6,1.6,Data Analyst
3.6,1.0,4.1,2.9,1.1,1.1,1.7,5.0,4.5,2.4,Data Analyst
4.1,2.9,3.8,3.2,0.6,1.2,2.1,3.9,4.8,1.7,Data Analyst
4.0,1.0,4.7,2.7,0.8,1.7,1.9,4.3,4.3,2.0,Data Analyst
2.3,1.7,4.1,3.6,1.6,0.8,1.9,5.0,5.0,2.5,Data Analyst
3.6,0.7,4.7,2.6,0.0,0.8,2.5,3.9,4.8,1.9,Data Analyst
3.1,1.5,4.6,3.0,1.5,1.8,3.3,4.2,4.6,1.8,Data Analyst
3.3,1.5,5.0,3.5,0.0,2.1,1.5,5.0,4.6,2.9,Data Analyst
2.8,1.6,3.7,2.6,0.5,0.5,2.6,5.0,5.0,2.6,Data Analyst
4.1,1.1,4.8,2.8,1.1,1.8,2.2,4.5,4.8,3.0,Data Analyst
2.9,1.0,5.0,3.6,1.7,1.5,2.7,5.0,5.0,1.4,Data Analyst
2.8,1.7,4.3,2.6,0.3,1.2,1.7,5.0,4.8,2.5,Data Analyst
3.8,1.5,5.0,3.6,0.7,1.3,2.9,4.2,4.8,2.7,Data Analyst
3.9,0.0,4.9,2.9,1.4,1.9,3.4,5.0,5.0,3.3,Data Analyst
3.7,1.0,5.0,3.4,0.8,1.7,2.5,4.0,5.0,2.5,Data Analyst
4.6,0.1,4.2,3.0,1.6,1.7,2.7,3.9,4.2,2.7,Data Analyst
2.7,0.7,4.8,2.5,1.9,2.2,1.6,4.0,3.5,2.1,Data Analyst
3.9,0.8,4.8,2.2,1.4,1.2,2.5,4.4,4.1,1.9,Data Analyst
4.0,1.2,5.0,3.2,1.1,0.6,2.4,4.5,5.0,2.9,Data Analyst
4.3,1.3,4.1,3.1,1.1,1.0,2.3,4.4,5.0,1.4,Data Analyst
4.2,0.5,3.7,3.6,1.4,2.2,2.9,5.0,5.0,2.4,Data Analyst
3.7,1.7,4.1,2.6,0.8,0.3,2.6,3.5,4.8,3.0,Data Analyst
3.2,1.9,3.7,3.7,1.4,0.6,4.0,4.5,4.3,1.7,Data Analyst
3.4,0.9,4.6,2.8,1.3,1.3,1.4,4.4,3.5,2.7,Data Analyst
3.0,1.1,5.0,2.5,1.6,1.3,3.5,4.3,4.3,2.9,Data Analyst
3.3,0.5,4.2,3.0,1.7,0.4,2.5,4.8,4.9,3.2,Data Analyst
3.5,0.9,4.8,3.1,0.8,1.8,2.1,4.2,4.5,3.2,Data Analyst
1.7,1.2,4.5,2.1,1.2,1.8,2.8,3.0,5.0,2.1,Data Analyst
3.9,1.4,4.0,3.4,0.8,0.4,3.1,4.1,4.3,2.3,Data Analyst
3.6,1.0,4.8,2.3,0.6,1.4,3.5,4.4,5.0,2.5,Data Analyst
3.2,0.9,4.4,3.3,1.8,1.7,3.2,4.0,4.6,2.1,Data Analyst
3.7,0.8,4.9,2.5,1.0,1.9,1.4,5.0,4.6,1.4,Data Analyst
3.6,1.0,4.5,3.5,1.4,1.7,2.7,4.4,5.0,1.7,Data Analyst
3.6,1.0,4.9,2.5,0.0,1.6,2.7,5.0,4.1,3.1,Data Analyst
4.8,0.8,3.8,2.8,1.0,1.8,2.2,5.0,4.2,1.5,Data Analyst
4.1,0.0,4.4,4.7,1.0,0.9,2.5,4.5,4.9,2.9,Data Analyst
2.9,1.9,4.6,3.4,0.7,2.2,2.4,4.7,4.3,2.0,Data Analyst
3.9,0.8,4.0,2.6,1.4,1.2,2.4,4.5,3.7,1.7,Data Analyst
3.7,0.6,5.0,3.5,1.4,2.5,2.5,4.9,4.5,3.8,Data Analyst
4.6,1.0,4.7,3.7,0.9,1.1,3.0,4.5,4.9,2.0,Data Analyst
2.6,1.1,5.0,2.9,1.8,1.1,1.9,4.5,4.8,2.9,Data Analyst
3.1,1.8,5.0,3.0,1.7,0.9,3.1,5.0,5.0,2.5,Data Analyst
1.9,0.6,4.2,2.5,1.1,1.3,2.0,3.9,4.4,3.1,Data Analyst
3.1,0.7,4.2,3.2,1.3,0.0,3.1,5.0,4.2,2.0,Data Analyst
3.3,0.6,4.6,1.9,0.4,2.3,2.0,5.0,5.0,1.5,Data Analyst
3.8,0.9,4.2,3.1,1.3,1.9,3.1,4.7,4.0,2.2,Data Analyst
5.0,1.4,5.0,3.8,1.1,1.7,2.5,3.5,4.8,3.2,Data Analyst
3.2,1.2,5.0,2.5,0.8,0.9,2.0,3.8,4.3,3.3,Data Analyst
3.0,1.1,4.2,3.6,1.7,2.0,2.7,4.4,4.1,3.6,Data Analyst
3.1,1.4,5.0,2.7,1.6,1.9,3.5,4.2,4.1,2.2,Data Analyst
3.6,1.0,4.3,1.9,1.3,2.6,2.8,4.8,5.0,2.7,Data Analyst
4.0,1.2,4.3,2.6,0.9,1.7,2.3,4.7,5.0,3.0,Data Analyst
4.2,1.0,3.8,2.8,1.0,0.5,3.3,4.6,5.0,3.3,Data Analyst
3.2,1.3,4.4,2.9,0.6,2.4,2.3,4.9,3.8,3.1,Data Analyst
4.1,1.1,4.4,3.2,2.3,0.5,2.9,4.0,4.8,2.4,Data Analyst
3.3,1.0,3.9,3.6,0.0,1.8,2.3,3.9,4.9,1.6,Data Analyst
3.5,0.2,4.8,2.5,0.8,1.7,2.1,4.5,4.0,2.8,Data Analyst
4.5,2.5,4.6,3.4,0.0,2.3,2.9,4.2,5.0,2.4,Data Analyst
3.2,1.3,3.9,3.6,0.4,0.9,2.0,4.9,4.5,1.8,Data Analyst
3.2,1.0,3.9,2.4,2.2,1.0,2.3,4.3,4.6,2.8,Data Analyst
4.0,0.8,3.8,3.7,0.9,2.5,1.3,4.6,5.0,2.3,Data Analyst
3.4,1.2,4.2,2.8,0.8,1.2,3.2,4.8,4.9,2.9,Data Analyst
3.4,0.6,4.2,3.0,0.4,1.2,2.2,5.0,3.3,2.4,Data Analyst
4.4,1.1,4.9,3.1,0.6,0.3,2.6,4.1,4.4,2.2,Data Analyst
4.5,2.3,4.6,2.7,0.4,1.8,3.5,4.4,3.5,2.9,Data Analyst
4.0,0.1,4.6,3.2,1.0,1.1,3.1,4.3,4.0,1.4,Data Analyst
4.2,1.3,4.5,2.8,0.7,0.9,2.3,3.3,4.4,2.3,Data Analyst
3.8,1.0,4.9,3.7,1.6,1.8,2.5,4.0,5.0,3.4,Data Analyst
3.7,2.1,3.7,2.4,1.5,1.6,3.2,4.5,4.3,2.4,Data Analyst
2.7,0.4,5.0,3.5,1.2,0.6,2.3,3.8,5.0,2.2,Data Analyst
2.9,1.0,4.1,3.8,0.6,0.7,1.3,4.5,4.5,1.7,Data Analyst
4.2,1.4,4.5,3.8,1.4,1.0,1.9,4.9,5.0,2.6,Data Analyst
3.0,1.3,4.1,2.9,1.8,1.1,1.6,3.9,5.0,2.6,Data Analyst
3.4,0.7,4.8,2.5,1.2,1.1,2.0,4.1,4.6,2.5,Data Analyst
3.6,0.0,4.1,2.8,1.8,0.9,2.6,5.0,4.1,2.7,Data Analyst
3.1,0.7,4.1,2.6,2.5,2.0,3.1,4.8,3.9,2.7,Data Analyst
4.1,0.5,5.0,3.4,2.0,1.3,1.9,4.3,5.0,1.5,Data Analyst
2.4,1.0,4.3,3.0,1.5,1.2,1.5,5.0,4.3,1.9,Data Analyst
4.1,0.8,4.5,3.3,1.6,1.3,3.3,3.3,5.0,2.0,Data Analyst
4.3,1.1,4.1,3.4,1.5,1.9,1.9,4.2,4.8,2.5,Data Analyst
3.9,0.0,4.7,2.8,0.5,1.1,2.4,2.5,4.4,2.0,Data Analyst
3.8,0.6,4.4,3.8,1.5,2.0,2.2,4.8,4.7,2.4,Data Analyst
3.7,0.7,5.0,2.9,1.3,2.3,3.1,3.7,5.0,3.0,Data Analyst
4.0,0.4,4.1,3.5,0.6,1.3,3.4,4.5,4.4,2.0,Data Analyst
3.7,0.3,4.4,3.2,1.7,1.9,2.1,5.0,4.6,1.8,Data Analyst
3.4,1.8,4.6,3.0,1.9,0.7,1.8,3.6,5.0,2.6,Data Analyst
4.3,1.1,4.3,3.0,1.1,0.6,4.0,4.8,4.9,2.8,Data Analyst
3.9,0.9,4.2,3.3,1.2,1.1,3.3,4.7,5.0,3.3,Data Analyst
3.5,1.2,4.9,2.6,1.0,1.6,2.0,5.0,4.0,1.8,Data Analyst
4.2,1.4,3.9,3.3,1.8,1.5,3.9,3.6,5.0,3.1,Data Analyst
4.0,0.9,4.3,3.2,1.4,1.8,3.1,3.9,4.7,2.0,Data Analyst
3.3,1.6,4.6,4.4,1.1,1.5,2.6,4.1,4.8,3.1,Data Analyst
3.6,0.6,4.0,2.8,1.0,2.2,1.8,4.3,4.9,1.5,Data Analyst
3.0,0.6,4.1,3.1,0.9,1.2,2.7,5.0,5.0,1.4,Data Analyst
3.8,0.9,4.6,2.8,1.1,1.6,2.2,4.0,4.6,2.6,Data Analyst
3.8,1.5,4.2,3.2,1.5,2.1,2.5,4.4,4.9,1.9,Data Analyst
3.4,1.4,4.9,2.9,1.1,1.0,2.9,4.5,4.6,2.3,Data Analyst
3.5,0.8,4.9,2.8,1.9,2.3,2.0,4.5,4.4,2.3,Data Analyst
4.6,0.8,4.7,3.3,0.4,1.0,1.8,4.0,3.2,2.8,Data Analyst
4.6,1.1,3.7,2.6,0.7,0.9,3.0,4.9,4.2,2.9,Data Analyst
4.3,2.0,5.0,2.5,2.6,1.3,2.2,4.7,4.5,2.7,Data Analyst
2.8,0.9,5.0,3.0,1.1,1.8,3.1,3.6,5.0,2.4,Data Analyst
3.6,1.6,3.8,2.4,0.0,1.2,3.2,4.4,4.1,2.2,Data Analyst
2.7,0.4,4.7,2.4,1.6,1.5,2.5,4.3,5.0,2.9,Data Analyst
3.7,1.3,4.4,3.3,0.8,1.5,2.3,4.2,4.4,2.8,Data Analyst
4.2,1.6,3.8,3.7,0.8,1.8,2.0,4.6,5.0,1.7,Data Analyst
3.8,1.7,4.4,3.7,0.9,2.0,1.3,5.0,5.0,2.3,Data Analyst
2.4,1.2,3.7,3.2,1.2,1.0,3.1,4.9,5.0,2.5,Data Analyst
2.7,1.5,4.4,2.2,1.7,2.7,2.5,5.0,4.9,2.3,Data Analyst
3.2,1.9,4.1,3.4,0.7,1.2,3.1,4.3,4.6,3.1,Data Analyst
4.4,1.4,4.1,2.7,1.0,1.7,2.0,4.9,4.8,1.6,Data Analyst
3.0,0.7,4.5,4.0,1.1,1.0,2.6,4.3,5.0,2.8,Data Analyst
4.2,1.0,5.0,3.5,0.6,2.7,2.7,4.0,5.0,3.6,Data Analyst
3.5,0.7,4.4,3.4,1.7,1.8,2.6,5.0,4.6,3.1,Data Analyst
3.3,1.2,4.4,3.0,0.8,2.2,2.1,4.1,5.0,3.0,Data Analyst
2.2,0.7,3.5,2.5,0.0,1.4,1.9,4.5,3.9,2.5,Data Analyst
3.3,1.8,5.0,3.4,0.8,2.6,1.6,3.7,4.8,3.7,Data Analyst
3.4,0.9,3.7,3.5,1.5,1.9,2.2,4.1,4.1,2.5,Data Analyst
2.9,0.4,4.3,2.7,0.7,1.8,2.5,4.3,4.9,2.0,Data Analyst
3.6,1.1,3.7,3.5,0.5,1.5,3.1,5.0,4.8,2.3,Data Analyst
4.0,1.4,4.2,2.6,0.0,1.6,2.5,5.0,5.0,3.2,Data Analyst
3.1,1.6,4.2,3.4,0.2,1.6,1.4,4.4,5.0,2.2,Data Analyst
2.9,1.5,4.4,2.7,1.0,3.0,3.1,5.0,5.0,2.6,Data Analyst
2.2,0.6,4.2,2.0,0.4,0.4,2.5,5.0,5.0,2.7,Data Analyst
3.0,0.0,3.5,2.3,0.5,1.4,1.9,4.7,4.7,2.5,Data Analyst
4.1,0.4,4.7,3.0,0.8,2.0,3.0,4.0,4.7,2.7,Data Analyst
3.3,1.3,4.7,4.0,0.2,1.4,2.0,4.8,3.9,2.7,Data Analyst
3.2,0.6,3.7,2.7,1.6,1.5,2.8,5.0,4.9,2.2,Data Analyst
3.8,0.7,4.2,2.2,1.5,1.3,2.6,3.9,5.0,2.1,Data Analyst
3.4,1.5,4.9,3.0,0.0,3.1,3.5,4.9,4.4,2.4,Data Analyst
3.2,1.7,4.6,2.6,0.7,2.1,3.4,5.0,5.0,2.4,Data Analyst
1.7,1.2,4.5,3.1,1.0,0.8,2.8,4.8,5.0,3.0,Data Analyst
3.8,0.8,4.5,3.1,1.1,2.0,2.9,5.0,5.0,2.5,Data Analyst
1.4,1.7,4.2,2.6,0.8,1.3,2.8,3.6,4.2,2.7,Data Analyst
3.8,1.4,4.1,2.5,0.7,1.6,3.3,3.4,4.7,1.8,Data Analyst
2.6,1.5,4.8,3.2,1.5,1.2,2.3,5.0,4.7,2.9,Data Analyst
3.5,0.0,3.4,2.7,1.6,1.9,3.0,4.0,5.0,2.0,Data Analyst
3.6,1.0,4.4,3.7,0.6,0.8,2.5,4.3,5.0,2.9,Data Analyst
3.3,0.4,3.5,2.4,1.1,2.3,3.1,4.6,4.6,2.6,Data Analyst
3.2,1.9,4.4,3.0,0.0,1.4,3.0,3.9,4.4,2.9,Data Analyst
2.7,1.6,4.2,2.8,0.4,1.7,3.9,4.9,4.3,3.1,Data Analyst
3.3,1.8,4.9,1.4,0.4,2.0,2.6,3.9,4.5,1.5,Data Analyst
3.5,2.2,4.9,4.2,1.5,2.1,3.6,4.7,4.7,3.1,Data Analyst
4.3,0.7,4.1,3.1,1.5,1.9,1.7,5.0,4.4,2.4,Data Analyst
3.0,2.5,4.6,2.5,1.5,1.9,2.4,5.0,4.3,2.2,Data Analyst
2.4,0.3,5.0,3.9,1.0,2.4,2.4,4.4,4.8,2.4,Data Analyst
3.4,1.6,4.6,3.4,1.6,1.7,2.0,3.8,4.9,2.4,Data Analyst
3.5,1.0,5.0,2.3,0.0,1.7,2.3,4.7,5.0,3.2,Data Analyst
2.7,0.7,4.7,3.4,2.2,2.0,2.5,4.0,4.5,2.2,Data Analyst
3.9,1.1,3.8,2.8,1.5,1.7,2.8,4.7,5.0,2.6,Data Analyst
3.3,0.5,4.6,1.7,0.9,1.4,1.7,4.0,5.0,2.6,Data Analyst
3.6,1.2,4.6,3.7,1.1,0.7,3.4,4.7,4.5,1.8,Data Analyst
3.7,0.9,5.0,2.8,0.5,2.0,3.0,4.6,5.0,2.5,Data Analyst
3.6,1.6,4.8,2.9,1.7,0.2,3.6,3.6,4.5,2.5,Data Analyst
3.4,1.6,3.9,3.1,0.7,1.7,2.5,4.6,4.5,2.2,Data Analyst
3.7,1.5,4.2,2.5,1.3,1.5,3.0,4.0,3.8,2.2,Data Analyst
3.1,1.0,4.1,3.4,0.8,1.6,2.6,4.6,4.8,2.8,Data Analyst
3.1,1.8,4.4,2.3,1.1,1.0,2.9,5.0,4.4,2.7,Data Analyst
2.5,1.2,4.0,2.7,0.4,1.9,3.1,4.5,4.3,3.4,Data Analyst
3.1,0.0,4.8,2.4,1.5,1.3,2.8,5.0,4.1,2.2,Data Analyst
3.5,1.8,4.1,2.7,1.3,1.2,2.6,3.6,5.0,1.8,Data Analyst
3.3,1.0,5.0,2.3,2.1,1.9,2.7,4.0,5.0,2.1,Data Analyst
4.2,0.5,4.4,2.7,0.5,1.9,2.8,5.0,3.8,3.1,Data Analyst
4.9,0.8,5.0,2.9,0.2,1.3,3.1,4.0,4.5,2.8,Data Analyst
3.5,1.3,4.6,3.3,0.8,1.6,2.0,5.0,4.5,3.1,Data Analyst
3.4,1.1,4.2,2.4,0.0,0.9,2.3,4.6,5.0,2.3,Data Analyst
3.0,0.2,4.8,3.8,1.7,1.9,2.9,5.0,5.0,2.9,Data Analyst
3.3,0.3,4.1,3.0,1.0,2.6,2.5,5.0,4.6,2.3,Data Analyst
2.8,0.6,4.8,3.0,1.5,1.6,2.3,5.0,4.7,3.1,Data Analyst
3.3,1.4,5.0,3.1,0.0,1.5,3.2,4.8,5.0,1.6,Data Analyst
3.1,1.2,4.7,3.7,0.9,1.7,2.5,4.0,3.6,2.7,Data Analyst
3.6,0.7,3.6,3.3,0.9,1.8,3.5,3.3,4.4,2.4,Data Analyst
4.3,0.1,5.0,3.1,0.9,1.4,2.3,5.0,4.2,2.7,Data Analyst
3.3,0.6,5.0,3.2,1.3,2.1,1.7,5.0,3.4,2.1,Data Analyst
3.2,1.3,4.6,2.9,1.0,1.0,1.7,4.9,5.0,3.4,Data Analyst
3.1,1.4,4.3,3.7,1.6,1.6,2.3,5.0,5.0,2.1,Data Analyst
2.8,0.8,5.0,3.6,0.4,0.9,3.2,3.9,5.0,2.2,Data Analyst
4.4,0.6,5.0,3.1,1.1,0.4,1.3,4.4,4.9,1.9,Data Analyst
2.9,1.3,4.8,2.9,1.4,0.9,2.3,5.0,4.8,2.6,Data Analyst
4.8,0.2,4.9,3.9,0.8,2.0,2.0,4.1,5.0,2.9,Data Analyst
4.1,1.9,4.5,3.7,0.8,2.0,2.6,4.7,5.0,1.6,Data Analyst
2.9,1.1,3.6,3.5,1.5,1.7,1.9,5.0,5.0,2.6,Data Analyst
3.8,1.1,4.8,2.9,1.0,2.0,3.8,3.7,4.7,1.9,Data Analyst
4.4,0.7,3.7,3.4,2.0,1.9,2.6,4.7,5.0,2.0,Data Analyst
3.4,0.8,3.9,2.8,1.6,1.8,2.9,4.6,5.0,2.1,Data Analyst
3.3,1.1,4.7,3.2,0.9,1.3,4.2,5.0,5.0,2.4,Data Analyst
3.3,0.9,4.7,2.0,0.1,1.1,2.6,4.4,5.0,1.7,Data Analyst
3.1,1.8,4.6,3.5,2.1,1.1,2.4,4.4,3.7,2.3,Data Analyst
4.0,1.3,4.8,2.8,0.6,2.2,2.2,4.7,4.9,3.3,Data Analyst
4.0,0.3,3.8,3.3,1.0,1.2,3.1,4.6,4.8,2.9,Data Analyst
3.3,1.9,4.1,3.4,1.8,0.7,2.3,5.0,5.0,2.4,Data Analyst
3.1,1.5,5.0,2.4,0.3,1.6,2.8,4.3,5.0,2.1,Data Analyst
2.3,0.8,4.5,2.8,0.4,0.5,2.2,5.0,5.0,3.2,Data Analyst
3.1,0.4,4.8,3.3,1.2,0.4,2.0,4.5,5.0,2.9,Data Analyst
3.6,1.2,4.5,3.4,1.2,1.5,2.4,4.5,5.0,2.6,Data Analyst
3.7,1.7,4.6,2.6,1.5,0.7,1.9,4.7,5.0,1.8,Data Analyst
3.3,0.7,4.2,3.5,1.4,1.5,2.2,3.8,5.0,2.8,Data Analyst
3.1,1.4,4.5,2.8,1.2,1.1,2.3,4.6,4.5,2.9,Data Analyst
4.5,0.6,3.6,1.9,0.9,1.1,2.6,4.6,3.9,1.5,Data Analyst
3.7,1.1,4.3,2.1,1.3,2.2,2.7,4.0,4.8,1.7,Data Analyst
4.1,1.0,3.5,2.8,1.3,1.3,2.3,3.8,5.0,2.1,Data Analyst
2.3,0.8,5.0,2.8,2.0,1.7,2.7,4.4,4.8,2.4,Data Analyst
3.3,1.3,4.0,2.4,0.4,2.6,2.8,4.7,4.2,2.8,Data Analyst
3.4,1.1,4.0,3.1,0.8,1.1,2.9,3.7,5.0,2.9,Data Analyst
3.0,0.5,4.4,3.2,0.9,1.7,3.5,4.2,3.9,3.0,Data Analyst
4.4,1.2,3.9,2.9,0.4,1.9,1.8,4.3,4.2,2.6,Data Analyst
3.3,1.1,4.5,2.5,1.3,1.5,2.0,5.0,5.0,2.4,Data Analyst
4.3,2.0,4.4,3.2,0.5,1.4,2.4,4.6,5.0,2.8,Data Analyst
3.6,0.3,4.0,2.7,0.8,2.1,1.9,4.3,5.0,2.3,Data Analyst
3.8,0.9,4.6,2.9,1.4,0.7,2.3,4.7,5.0,3.3,Data Analyst
3.3,1.8,4.1,3.7,1.4,1.0,2.7,4.5,5.0,2.4,Data Analyst
3.3,1.8,4.4,3.5,0.9,2.4,2.1,4.2,5.0,2.3,Data Analyst
4.4,1.5,4.4,2.0,1.0,1.6,3.1,5.0,4.4,2.9,Data Analyst
5.0,2.6,4.3,2.9,0.9,0.9,4.7,5.0,3.7,4.6,ML Engineer
5.0,1.3,2.6,4.1,0.9,1.0,3.9,4.1,3.4,4.4,ML Engineer
4.9,2.9,3.4,4.5,1.0,1.9,4.6,5.0,3.7,3.6,ML Engineer
4.8,1.9,4.3,3.4,1.0,1.7,4.8,5.0,3.9,4.0,ML Engineer
4.9,2.2,4.2,3.0,0.8,0.7,5.0,4.5,3.4,4.5,ML Engineer
5.0,1.4,4.0,3.8,0.0,1.1,4.7,4.4,2.7,4.6,ML Engineer
4.7,2.0,4.2,3.6,1.3,1.3,4.3,4.8,4.3,4.4,ML Engineer
5.0,1.7,3.1,4.8,2.1,2.3,4.6,3.9,2.9,3.1,ML Engineer
4.7,2.9,3.9,4.2,1.8,1.3,5.0,5.0,3.4,3.7,ML Engineer
5.0,1.8,3.4,4.7,1.7,1.6,4.1,3.8,3.6,3.7,ML Engineer
4.6,2.6,4.4,4.8,0.5,1.3,5.0,4.7,4.3,4.2,ML Engineer
5.0,2.3,4.6,3.8,1.0,2.0,5.0,4.9,3.5,4.8,ML Engineer
3.6,1.2,4.4,4.0,1.3,1.5,5.0,4.1,3.8,4.5,ML Engineer
5.0,3.1,4.1,4.2,0.2,1.2,4.7,5.0,3.2,4.4,ML Engineer
4.8,1.9,4.1,3.8,0.8,0.6,4.7,4.2,3.2,4.2,ML Engineer
5.0,2.1,4.5,4.3,0.8,1.2,5.0,4.8,4.3,4.7,ML Engineer
4.5,1.9,4.4,4.6,1.5,1.5,4.1,4.0,3.6,4.2,ML Engineer
4.2,2.0,4.3,3.4,1.6,1.3,5.0,4.2,2.9,3.7,ML Engineer
4.7,1.8,3.9,4.2,0.9,1.5,3.9,4.7,3.5,4.9,ML Engineer
4.3,1.0,4.3,4.2,0.4,0.7,5.0,5.0,2.1,3.7,ML Engineer
5.0,1.7,3.7,3.8,0.4,0.6,5.0,3.5,3.6,4.5,ML Engineer
4.0,1.5,4.7,4.3,0.7,2.2,5.0,4.6,3.0,3.8,ML Engineer
5.0,1.9,4.5,3.2,0.2,1.6,4.5,4.2,2.5,4.0,ML Engineer
4.8,2.4,4.0,3.9,1.6,0.8,5.0,3.6,3.0,3.3,ML Engineer
5.0,2.0,4.0,3.4,0.8,1.1,5.0,4.0,4.2,3.1,ML Engineer
4.4,2.9,3.8,3.3,1.1,1.2,4.3,3.9,5.0,3.9,ML Engineer
3.7,2.8,4.3,3.6,0.5,1.9,4.7,3.4,4.5,3.8,ML Engineer
5.0,2.7,3.4,4.6,0.6,0.5,4.6,4.7,3.2,3.8,ML Engineer
5.0,2.1,3.5,4.4,1.1,0.1,5.0,4.7,3.5,4.5,ML Engineer
4.4,2.2,3.1,4.2,2.1,1.0,4.4,4.1,3.6,3.4,ML Engineer
5.0,2.5,4.3,3.0,1.5,2.0,5.0,4.7,3.6,4.6,ML Engineer
5.0,1.5,4.6,4.0,0.9,0.7,4.6,4.0,3.2,3.4,ML Engineer
4.6,1.8,4.1,3.1,0.2,1.7,4.4,5.0,3.6,4.3,ML Engineer
5.0,1.8,3.7,4.5,1.3,1.4,5.0,4.4,3.5,4.0,ML Engineer
4.3,2.0,4.8,4.2,1.0,1.4,5.0,4.9,3.8,3.8,ML Engineer
5.0,2.3,3.4,4.1,0.0,1.8,5.0,4.9,3.3,4.2,ML Engineer
5.0,2.8,4.0,4.1,1.6,0.7,4.6,5.0,4.0,4.2,ML Engineer
4.0,2.0,3.7,4.2,0.6,0.9,3.7,5.0,3.3,4.1,ML Engineer
4.8,1.4,3.3,3.4,0.6,1.7,4.4,5.0,4.1,4.4,ML Engineer
4.7,2.8,3.9,4.0,1.1,1.9,5.0,4.2,3.2,4.4,ML Engineer
5.0,1.8,3.1,3.9,1.3,2.5,4.1,4.3,3.3,4.7,ML Engineer
4.8,1.5,4.3,3.8,0.3,1.0,5.0,4.7,3.6,3.9,ML Engineer
5.0,2.2,4.2,4.1,1.5,1.5,4.3,4.2,2.4,5.0,ML Engineer
5.0,1.5,3.8,3.6,1.8,0.7,4.9,4.4,4.0,3.9,ML Engineer
3.8,1.9,3.5,4.0,1.8,0.5,4.4,4.2,3.3,4.4,ML Engineer
4.7,2.2,3.7,4.1,1.4,1.1,5.0,4.5,4.1,3.9,ML Engineer
5.0,2.0,3.9,4.1,1.3,0.8,5.0,3.5,3.1,3.9,ML Engineer
5.0,2.9,3.0,3.7,0.0,1.5,4.9,5.0,3.6,4.6,ML Engineer
5.0,1.8,3.2,4.2,0.2,2.2,4.7,5.0,3.2,4.1,ML Engineer
4.9,2.0,3.8,4.2,0.5,0.8,5.0,4.9,3.5,4.9,ML Engineer
4.7,2.7,4.1,3.4,2.0,2.0,4.7,4.9,3.3,4.5,ML Engineer
3.5,1.4,4.5,3.9,1.1,0.8,5.0,5.0,3.4,3.8,ML Engineer
5.0,3.1,4.5,5.0,0.5,1.0,4.1,4.7,3.6,3.9,ML Engineer
5.0,2.7,3.2,3.7,1.5,1.2,4.4,5.0,2.8,3.8,ML Engineer
5.0,1.7,4.4,3.7,1.8,1.4,5.0,4.9,3.2,2.9,ML Engineer
5.0,2.0,4.3,3.9,0.8,2.6,4.0,4.9,3.2,3.8,ML Engineer
4.6,1.6,4.3,4.8,1.3,1.6,4.3,4.8,4.7,3.8,ML Engineer
4.6,1.7,3.7,2.5,1.2,1.0,3.9,4.9,2.9,3.8,ML Engineer
5.0,1.2,3.2,4.1,1.6,0.6,5.0,4.8,2.4,4.4,ML Engineer
5.0,1.8,4.7,4.6,1.1,1.3,4.3,4.5,3.8,3.8,ML Engineer
3.6,2.7,4.1,3.8,1.5,2.3,3.3,4.7,2.7,4.3,ML Engineer
4.9,2.3,3.7,3.0,0.8,1.7,5.0,3.9,4.1,3.6,ML Engineer
5.0,1.7,4.1,4.5,0.3,1.1,4.9,5.0,3.0,5.0,ML Engineer
5.0,1.9,3.8,3.6,1.0,0.7,4.8,5.0,3.2,3.9,ML Engineer
3.9,2.2,4.1,4.0,0.9,1.3,5.0,4.5,3.7,4.1,ML Engineer
5.0,2.4,4.1,4.8,1.2,2.2,5.0,3.5,4.2,4.1,ML Engineer
4.8,2.2,3.8,4.1,0.7,2.2,4.7,4.3,3.0,4.1,ML Engineer
4.9,2.2,3.4,3.1,1.3,2.3,4.2,5.0,3.7,4.0,ML Engineer
4.6,1.2,4.5,3.6,0.6,2.0,3.8,3.7,3.5,4.2,ML Engineer
5.0,1.8,5.0,3.9,0.9,1.1,4.9,4.8,4.2,3.2,ML Engineer
4.7,2.2,4.3,4.0,1.3,1.1,5.0,5.0,2.8,3.4,ML Engineer
4.2,2.4,3.3,3.8,1.3,1.5,4.9,3.9,3.8,3.7,ML Engineer
4.6,2.1,4.1,4.0,0.6,1.3,4.8,3.7,3.2,4.2,ML Engineer
4.1,2.6,4.7,3.3,1.7,1.4,5.0,4.2,4.0,4.2,ML Engineer
4.4,1.4,3.2,4.1,1.3,1.9,4.7,3.9,3.1,4.6,ML Engineer
4.5,2.1,3.4,4.2,0.7,2.1,5.0,4.2,3.4,3.7,ML Engineer
4.0,1.5,4.1,4.2,1.1,1.3,5.0,4.5,3.9,3.0,ML Engineer
2.6,2.2,3.2,3.9,0.8,2.4,5.0,4.6,4.0,4.2,ML Engineer
4.5,2.6,3.4,4.2,0.1,1.6,4.9,5.0,2.6,3.7,ML Engineer
5.0,2.2,4.1,3.5,0.7,2.2,4.8,4.7,3.4,3.3,ML Engineer
5.0,2.3,5.0,3.4,1.5,0.8,4.9,5.0,2.4,3.9,ML Engineer
4.5,1.6,4.2,4.6,0.9,1.6,4.9,4.5,2.9,4.6,ML Engineer
5.0,2.2,3.6,3.7,0.9,0.7,3.9,4.2,3.8,3.6,ML Engineer
4.2,1.6,3.7,3.8,2.2,2.1,5.0,5.0,3.0,3.3,ML Engineer
4.2,2.7,3.7,3.3,0.8,1.4,4.9,4.6,3.0,4.4,ML Engineer
4.4,1.9,4.4,3.6,0.7,1.8,4.3,4.3,3.8,5.0,ML Engineer
5.0,2.3,4.3,3.4,1.1,1.5,5.0,4.6,3.7,3.8,ML Engineer
4.8,1.3,3.8,4.8,1.2,1.5,5.0,3.8,2.9,4.9,ML Engineer
4.8,1.9,3.3,4.2,1.3,0.9,4.7,4.3,3.6,3.4,ML Engineer
5.0,2.5,3.8,3.9,0.9,1.1,4.6,4.4,4.4,4.5,ML Engineer
5.0,2.2,3.4,4.0,1.5,0.8,5.0,5.0,4.1,4.8,ML Engineer
4.9,2.5,3.6,4.4,1.4,1.7,5.0,4.2,3.4,4.1,ML Engineer
4.2,2.1,3.1,4.6,1.0,1.2,4.3,4.4,3.9,4.3,ML Engineer
4.4,1.5,4.4,3.6,1.0,1.6,5.0,5.0,2.8,2.9,ML Engineer
4.5,3.0,5.0,5.0,0.9,0.5,3.5,4.2,3.4,4.7,ML Engineer
5.0,2.1,3.5,3.5,1.1,1.9,5.0,3.9,3.9,4.2,ML Engineer
4.2,1.6,4.4,3.9,1.9,1.8,4.5,4.5,3.5,3.6,ML Engineer
4.3,2.4,4.5,4.3,1.8,1.2,5.0,4.0,2.9,3.0,ML Engineer
4.6,1.7,4.3,4.1,0.3,1.3,4.6,3.5,3.0,3.6,ML Engineer
5.0,2.1,4.4,3.2,1.7,2.2,3.7,4.1,3.8,4.4,ML Engineer
4.4,1.8,3.7,4.1,1.7,1.1,5.0,4.1,3.0,4.5,ML Engineer
5.0,2.5,3.3,3.7,1.5,1.5,4.2,4.8,3.1,5.0,ML Engineer
5.0,2.3,4.7,4.0,1.4,2.3,4.9,4.4,2.6,4.0,ML Engineer
5.0,2.5,4.3,3.7,0.0,1.2,4.6,4.3,3.8,5.0,ML Engineer
4.9,1.9,3.9,4.1,0.5,1.6,5.0,4.6,3.8,4.2,ML Engineer
3.8,2.4,3.6,3.4,0.4,1.7,4.7,3.6,3.8,3.2,ML Engineer
4.9,2.1,4.5,5.0,0.2,1.5,4.6,4.7,3.6,3.8,ML Engineer
4.6,1.4,4.5,4.3,1.5,1.3,4.4,3.9,3.7,3.4,ML Engineer
5.0,1.3,4.2,4.9,1.3,1.6,4.3,3.7,3.9,4.8,ML Engineer
4.6,1.4,2.6,3.5,0.9,2.4,5.0,4.7,3.3,3.7,ML Engineer
5.0,2.1,2.8,3.6,0.5,1.2,5.0,4.4,3.5,4.7,ML Engineer
4.4,3.0,3.6,4.0,0.8,1.6,5.0,4.7,3.1,3.4,ML Engineer
5.0,1.7,4.4,3.1,0.8,1.4,5.0,3.0,3.6,3.4,ML Engineer
5.0,1.4,3.5,3.8,0.4,1.2,4.1,3.5,4.1,3.3,ML Engineer
4.7,2.4,3.7,3.5,1.1,2.1,4.2,4.4,2.5,3.8,ML Engineer
4.8,1.5,3.7,3.2,1.0,2.1,4.2,4.2,3.8,4.7,ML Engineer
4.0,1.9,4.2,3.9,0.0,1.8,5.0,4.6,2.9,3.7,ML Engineer
5.0,2.5,4.4,4.2,0.6,1.4,4.8,4.8,4.3,4.6,ML Engineer
4.0,2.1,4.4,4.3,0.7,3.1,4.1,3.9,3.6,5.0,ML Engineer
4.3,1.9,4.6,4.0,0.8,1.8,4.9,5.0,4.2,4.2,ML Engineer
5.0,2.1,4.3,4.0,1.0,2.2,5.0,3.7,3.5,3.6,ML Engineer
4.6,2.2,4.4,3.9,0.0,1.0,5.0,3.0,4.2,4.3,ML Engineer
5.0,1.9,2.9,4.2,1.7,2.0,4.4,4.5,3.2,3.5,ML Engineer
5.0,1.3,3.5,3.4,0.2,1.6,5.0,4.4,2.7,4.5,ML Engineer
5.0,1.6,3.7,4.3,1.9,1.2,4.1,4.8,3.9,4.0,ML Engineer
4.5,2.5,4.3,3.6,1.0,0.8,5.0,4.4,3.3,4.0,ML Engineer
4.8,2.5,4.3,3.9,1.4,1.7,4.6,4.4,3.4,4.3,ML Engineer
4.6,1.8,5.0,4.5,0.6,1.8,4.9,4.7,3.6,4.7,ML Engineer
5.0,2.0,4.6,4.1,1.1,1.7,4.7,4.5,3.2,3.6,ML Engineer
4.3,1.2,3.5,3.9,1.1,1.4,3.5,5.0,4.1,4.2,ML Engineer
5.0,1.5,5.0,3.5,1.1,0.8,4.8,4.7,3.4,4.4,ML Engineer
4.9,1.7,3.7,4.4,0.6,2.0,5.0,3.6,4.1,5.0,ML Engineer
4.9,2.3,4.6,3.8,1.1,0.8,4.9,4.8,3.8,4.6,ML Engineer
4.4,1.7,5.0,3.9,1.1,1.5,4.3,5.0,3.2,3.4,ML Engineer
4.6,0.9,3.6,3.5,1.3,1.1,5.0,5.0,3.9,3.9,ML Engineer
4.9,1.2,3.9,3.5,1.4,2.9,5.0,3.4,3.3,4.1,ML Engineer
4.8,1.6,4.1,3.3,0.5,1.9,4.2,4.8,2.7,5.0,ML Engineer
4.4,1.9,4.2,3.7,1.1,1.8,5.0,4.9,3.4,3.9,ML Engineer
5.0,2.5,3.5,4.1,0.8,1.4,4.1,4.3,4.5,4.3,ML Engineer
3.4,2.7,4.6,3.8,1.4,1.0,4.5,5.0,3.4,3.0,ML Engineer
4.8,2.0,4.7,4.0,0.8,2.1,4.9,4.1,4.1,4.1,ML Engineer
4.8,2.1,3.4,3.7,1.0,1.4,5.0,4.6,4.0,4.0,ML Engineer
5.0,2.2,4.0,4.0,0.5,1.8,4.8,4.2,4.1,3.3,ML Engineer
4.6,2.6,4.2,4.0,1.1,1.6,4.0,4.3,4.4,3.6,ML Engineer
4.6,1.7,4.0,3.7,1.3,1.6,5.0,3.9,3.3,3.9,ML Engineer
5.0,1.6,4.5,4.7,0.5,1.2,4.5,5.0,3.3,4.9,ML Engineer
4.1,1.5,3.6,3.5,0.9,1.1,4.3,5.0,4.2,4.5,ML Engineer
5.0,2.1,3.7,3.5,1.2,0.9,4.3,5.0,4.5,4.2,ML Engineer
5.0,1.9,3.3,4.3,1.3,1.5,4.7,5.0,3.0,3.6,ML Engineer
4.2,2.0,3.4,3.6,0.6,1.4,4.0,4.5,4.2,4.1,ML Engineer
5.0,2.7,4.4,4.0,1.0,1.9,4.6,3.5,3.8,3.4,ML Engineer
4.3,2.0,3.9,3.2,1.1,2.0,4.2,5.0,2.6,5.0,ML Engineer
4.6,2.1,3.0,4.0,1.1,1.5,4.5,4.0,4.1,4.0,ML Engineer
5.0,1.7,3.8,4.4,0.1,0.8,5.0,3.9,2.5,5.0,ML Engineer
4.0,2.1,4.0,2.5,0.9,1.7,5.0,5.0,3.3,4.4,ML Engineer
4.4,1.2,3.3,3.2,1.6,0.7,5.0,4.4,3.4,4.7,ML Engineer
4.6,2.3,4.0,3.9,2.3,0.7,5.0,4.9,3.2,4.9,ML Engineer
3.8,1.7,3.3,4.2,0.4,1.7,4.7,4.2,3.7,3.9,ML Engineer
4.2,3.5,3.7,2.8,0.5,0.8,5.0,4.7,3.7,3.8,ML Engineer
4.6,1.8,4.0,4.5,1.2,1.8,5.0,5.0,3.7,4.2,ML Engineer
5.0,1.6,3.5,3.3,1.1,0.5,5.0,4.4,4.1,3.6,ML Engineer
4.7,2.6,4.8,3.6,1.1,1.7,5.0,4.4,4.2,3.0,ML Engineer
4.6,2.2,4.3,4.7,1.7,1.3,5.0,4.1,4.0,5.0,ML Engineer
5.0,2.1,3.8,3.2,1.2,0.9,4.4,3.8,3.2,4.0,ML Engineer
5.0,1.7,4.6,3.9,0.6,1.6,5.0,4.7,3.3,3.2,ML Engineer
4.7,2.1,3.8,3.1,0.5,2.3,5.0,4.0,3.9,3.4,ML Engineer
5.0,2.1,4.5,3.1,1.4,1.5,5.0,5.0,3.5,3.7,ML Engineer
5.0,2.0,3.5,3.5,0.2,1.2,5.0,4.6,3.2,4.4,ML Engineer
4.3,2.1,3.9,4.4,0.1,1.0,3.9,4.4,4.2,3.7,ML Engineer
4.5,2.5,4.6,4.0,1.4,0.9,5.0,5.0,3.8,2.9,ML Engineer
4.5,2.3,3.8,4.7,1.3,1.1,4.8,4.0,3.4,3.7,ML Engineer
5.0,3.2,3.2,2.9,0.9,0.7,4.8,4.9,4.3,4.1,ML Engineer
4.7,0.9,4.0,4.0,1.4,1.1,4.6,3.7,2.2,3.4,ML Engineer
3.9,2.2,3.7,3.7,0.5,0.0,5.0,3.9,3.3,3.2,ML Engineer
5.0,2.1,3.5,3.8,1.9,1.5,4.7,4.0,2.5,3.9,ML Engineer
5.0,2.6,2.8,3.4,0.7,1.5,4.7,4.4,3.7,3.5,ML Engineer
5.0,2.2,3.8,4.9,1.9,2.0,3.1,5.0,3.9,5.0,ML Engineer
5.0,2.9,4.5,4.7,2.1,1.6,3.9,4.3,3.7,4.0,ML Engineer
4.1,1.1,3.6,4.4,1.9,2.0,5.0,4.5,2.5,3.7,ML Engineer
4.7,1.7,4.0,4.2,1.5,1.3,3.8,4.2,3.5,4.7,ML Engineer
4.5,2.3,4.2,4.0,1.5,1.1,4.5,4.5,3.1,4.3,ML Engineer
4.4,2.1,3.9,4.1,0.7,1.3,4.9,4.6,3.5,4.9,ML Engineer
4.3,2.0,3.1,4.2,0.4,1.3,4.6,4.7,3.2,3.7,ML Engineer
5.0,2.2,3.7,3.9,1.9,1.4,4.4,4.1,3.2,3.7,ML Engineer
4.1,1.4,3.5,4.3,0.8,1.4,5.0,5.0,3.3,3.7,ML Engineer
4.3,2.4,3.9,3.8,0.6,1.1,5.0,3.8,4.0,3.7,ML Engineer
4.7,1.3,4.0,3.8,1.0,2.3,4.9,4.1,3.1,4.3,ML Engineer
5.0,2.2,4.4,4.3,1.8,0.4,5.0,5.0,2.8,3.5,ML Engineer
4.3,1.6,3.7,4.1,1.5,2.1,4.3,4.0,4.2,4.4,ML Engineer
4.8,2.3,4.0,4.3,0.8,1.6,4.0,4.1,3.1,3.8,ML Engineer
4.3,1.7,3.2,4.3,1.0,0.6,4.3,4.7,3.2,3.6,ML Engineer
4.8,2.2,3.2,4.3,0.6,1.5,4.8,4.2,2.9,3.8,ML Engineer
5.0,1.3,4.9,3.9,1.0,0.9,4.4,4.2,2.9,3.9,ML Engineer
4.6,3.0,3.4,4.1,1.1,0.9,5.0,4.3,2.1,4.4,ML Engineer
4.2,1.4,4.4,3.8,1.5,2.2,4.4,4.9,3.1,5.0,ML Engineer
4.4,2.6,4.5,4.2,0.6,1.4,3.6,4.6,3.7,4.1,ML Engineer
3.2,1.3,3.6,4.2,1.2,1.4,5.0,3.9,3.8,4.3,ML Engineer
5.0,1.9,5.0,4.3,0.5,1.6,5.0,4.2,4.1,4.2,ML Engineer
3.5,2.2,3.8,4.3,1.5,1.6,5.0,4.4,3.8,4.4,ML Engineer
4.7,2.4,3.7,3.8,0.3,1.6,5.0,5.0,3.9,3.8,ML Engineer
4.2,2.2,4.6,4.4,1.6,1.4,4.5,4.1,3.5,4.0,ML Engineer
4.9,1.9,3.9,3.6,1.5,1.5,4.7,4.1,2.8,4.7,ML Engineer
5.0,1.1,4.4,4.5,1.1,2.4,4.9,3.7,3.7,4.1,ML Engineer
4.5,2.3,3.1,4.5,0.5,1.0,4.7,4.7,3.6,3.6,ML Engineer
4.5,1.4,3.9,4.6,1.0,2.0,5.0,4.2,3.4,5.0,ML Engineer
5.0,1.1,4.2,4.0,1.5,1.1,4.3,4.1,3.2,4.4,ML Engineer
4.2,1.7,3.0,4.6,1.7,1.3,4.6,4.7,4.3,4.2,ML Engineer
4.4,1.1,3.4,4.0,0.6,1.6,4.5,3.9,2.9,4.9,ML Engineer
5.0,3.0,4.3,3.8,1.7,1.5,4.9,4.5,1.9,4.9,ML Engineer
5.0,2.2,4.0,4.1,0.7,1.8,4.1,4.6,3.8,3.9,ML Engineer
5.0,1.5,3.5,4.1,1.4,0.5,5.0,4.2,3.4,3.3,ML Engineer
4.3,2.5,4.0,3.8,0.9,1.8,5.0,4.5,4.1,4.5,ML Engineer
5.0,2.0,4.4,4.2,1.6,2.0,4.2,3.9,3.1,4.5,ML Engineer
3.9,2.2,4.2,4.6,1.1,0.8,4.3,3.8,3.2,3.9,ML Engineer
4.2,2.8,3.3,4.7,1.7,2.0,4.4,4.7,2.8,4.5,ML Engineer
4.8,1.8,3.3,2.6,0.4,2.1,4.6,4.4,3.9,5.0,ML Engineer
5.0,1.5,2.9,5.0,2.2,1.6,4.1,5.0,3.4,3.9,ML Engineer
5.0,2.2,3.3,3.8,1.4,1.8,4.9,5.0,3.3,4.1,ML Engineer
2.9,1.8,4.4,3.8,0.7,0.9,5.0,4.8,4.0,3.1,ML Engineer
4.7,1.8,3.8,3.7,0.8,2.0,3.7,5.0,3.8,4.0,ML Engineer
5.0,1.2,3.6,3.9,1.8,1.5,5.0,4.2,3.8,4.9,ML Engineer
5.0,2.0,4.4,4.3,1.3,2.1,5.0,4.4,3.9,3.8,ML Engineer
4.3,1.9,4.0,3.1,1.5,0.0,5.0,5.0,3.4,4.0,ML Engineer
5.0,1.7,4.1,3.9,0.9,1.6,4.1,4.5,3.6,4.1,ML Engineer
4.7,2.6,3.8,4.1,1.7,1.5,4.9,4.4,4.2,3.9,ML Engineer
5.0,1.9,3.5,4.4,0.8,1.8,3.3,4.5,3.2,3.4,ML Engineer
4.5,1.7,4.0,3.2,1.2,2.3,5.0,4.9,4.1,4.7,ML Engineer
5.0,1.7,3.6,4.4,1.4,1.9,5.0,4.5,3.7,3.5,ML Engineer
5.0,1.8,3.8,3.8,0.6,1.1,4.5,3.7,3.1,5.0,ML Engineer
5.0,2.5,4.6,5.0,0.0,0.8,4.4,4.2,3.3,3.8,ML Engineer
4.9,2.0,3.6,2.8,0.5,1.2,4.7,3.9,3.2,3.4,ML Engineer
4.7,1.4,3.5,3.3,0.9,1.0,5.0,4.7,3.5,3.6,ML Engineer
5.0,2.4,4.1,4.9,1.3,2.0,4.9,4.9,3.1,3.7,ML Engineer
5.0,2.2,4.3,4.6,0.2,1.0,4.9,4.1,5.0,4.3,ML Engineer
4.8,1.7,3.7,4.0,1.1,1.2,4.6,5.0,4.3,4.1,ML Engineer
4.1,2.3,4.9,4.8,1.4,2.3,4.8,4.8,3.1,4.2,ML Engineer
5.0,1.7,3.5,4.1,0.9,1.9,4.6,5.0,2.8,4.7,ML Engineer
4.4,1.0,4.1,3.9,0.4,0.6,4.8,5.0,3.8,4.0,ML Engineer
5.0,2.0,3.2,3.2,0.9,1.4,5.0,4.9,3.8,3.8,ML Engineer
4.0,2.2,4.3,2.7,0.5,1.1,4.9,4.1,3.5,3.9,ML Engineer
4.7,1.6,3.6,3.4,1.2,1.8,4.4,5.0,3.3,4.8,ML Engineer
4.4,0.9,4.2,4.1,1.0,1.1,4.8,4.2,3.3,4.5,ML Engineer
4.9,2.3,3.9,3.8,0.4,1.3,3.0,4.2,3.5,4.3,ML Engineer
4.7,2.2,2.8,4.0,0.1,0.8,4.7,5.0,3.7,4.0,ML Engineer
4.8,1.6,3.7,4.2,0.2,1.8,4.6,5.0,4.0,3.1,ML Engineer
4.5,1.5,3.0,3.4,2.3,1.8,5.0,5.0,3.1,3.8,ML Engineer
5.0,2.2,3.7,3.2,2.8,1.4,4.6,4.6,3.4,4.1,ML Engineer
5.0,1.9,3.4,3.9,0.7,2.3,5.0,4.6,2.8,3.3,ML Engineer
4.8,2.2,3.8,3.7,0.7,1.5,3.5,3.9,3.2,4.7,ML Engineer
4.4,2.1,4.1,4.7,1.7,1.5,4.5,4.1,3.4,3.8,ML Engineer
5.0,2.2,4.3,4.7,2.0,1.6,5.0,4.3,4.2,4.6,ML Engineer
5.0,2.1,3.6,3.2,1.0,2.3,4.6,4.9,4.0,3.8,ML Engineer
5.0,0.4,3.3,3.5,0.5,1.7,5.0,4.7,3.8,3.5,ML Engineer
4.1,2.2,3.7,3.1,1.5,2.3,5.0,4.6,3.8,4.8,ML Engineer
4.4,2.6,4.2,4.5,1.1,2.2,4.9,3.7,4.3,3.5,ML Engineer
5.0,2.0,4.6,4.6,1.2,1.8,5.0,3.4,3.6,3.4,ML Engineer
4.9,1.4,3.3,4.9,1.6,1.5,4.9,4.4,3.8,3.6,ML Engineer
5.0,1.9,3.8,4.0,0.7,1.7,4.5,4.8,4.2,3.6,ML Engineer
4.7,2.3,3.8,4.3,1.3,2.1,4.5,4.0,3.3,3.5,ML Engineer
5.0,1.4,5.0,4.7,1.0,2.0,3.9,5.0,3.2,3.9,ML Engineer
3.8,2.3,3.4,4.1,0.7,0.9,4.4,4.6,2.8,3.6,ML Engineer
5.0,3.4,4.3,3.5,0.8,1.5,4.6,5.0,3.6,4.5,ML Engineer
4.6,2.7,3.9,3.5,2.2,0.5,4.4,4.2,4.9,5.0,ML Engineer
5.0,1.8,5.0,4.2,1.5,1.6,4.8,4.4,3.4,4.3,ML Engineer
5.0,2.0,4.8,2.4,1.3,1.9,5.0,4.5,3.6,4.5,ML Engineer
5.0,1.8,4.1,4.9,0.0,1.1,5.0,5.0,3.8,3.8,ML Engineer
4.3,1.7,4.9,3.7,1.1,1.1,5.0,4.2,3.4,3.1,ML Engineer
3.9,2.0,3.3,5.0,0.0,1.1,4.8,4.3,2.9,3.5,ML Engineer
4.3,1.8,5.0,4.0,1.7,1.8,5.0,3.0,3.3,4.7,ML Engineer
4.5,3.0,4.8,3.7,0.7,0.9,4.5,3.8,3.7,3.2,ML Engineer
5.0,2.3,3.1,4.9,1.3,1.9,4.4,4.8,4.1,3.9,ML Engineer
5.0,2.0,4.6,4.2,1.3,0.6,5.0,4.1,3.0,5.0,ML Engineer
4.7,1.4,3.8,3.3,1.8,1.1,5.0,5.0,3.2,4.3,ML Engineer
4.2,3.3,4.5,3.9,0.6,1.4,4.6,5.0,2.8,4.1,ML Engineer
4.8,1.9,3.9,3.9,1.5,1.8,5.0,2.8,3.7,3.1,ML Engineer
5.0,2.8,3.5,3.9,0.7,2.2,4.9,5.0,3.7,4.1,ML Engineer
4.8,2.4,3.0,4.0,1.0,1.9,4.7,3.9,3.5,3.4,ML Engineer
3.7,2.4,4.3,4.3,1.7,1.1,4.0,4.5,3.3,3.5,ML Engineer
4.8,1.7,3.0,3.8,0.4,1.6,4.4,5.0,4.4,4.4,ML Engineer
3.9,2.8,4.9,4.0,1.7,1.2,3.8,4.1,4.5,3.2,ML Engineer
4.8,2.0,3.7,3.8,1.0,1.2,4.0,4.6,4.1,4.5,ML Engineer
4.4,1.3,3.8,4.9,1.4,1.9,5.0,4.7,3.6,4.4,ML Engineer
4.5,1.2,4.4,4.7,0.4,2.0,5.0,4.5,3.1,4.1,ML Engineer
4.5,1.7,4.2,3.1,0.2,1.5,4.8,4.7,4.5,4.1,ML Engineer
5.0,1.5,4.4,3.7,1.0,1.4,5.0,3.8,2.2,3.9,ML Engineer
5.0,2.1,4.7,4.2,0.7,0.2,4.7,5.0,3.3,4.0,ML Engineer
5.0,1.4,4.3,4.9,0.9,0.9,4.8,3.3,3.7,4.2,ML Engineer
5.0,1.9,4.2,3.5,0.8,0.7,4.7,4.3,3.7,3.7,ML Engineer
4.8,1.8,3.8,4.0,1.0,1.9,4.7,4.3,3.4,3.6,ML Engineer
4.6,3.1,3.5,3.8,0.8,1.4,4.6,4.7,2.6,4.6,ML Engineer
5.0,1.3,2.8,3.5,0.9,2.9,5.0,3.5,3.1,4.0,ML Engineer
4.9,1.3,3.9,3.6,0.4,1.6,5.0,5.0,3.8,3.7,ML Engineer
5.0,2.2,4.1,3.7,0.7,1.5,5.0,4.7,3.2,3.5,ML Engineer
4.5,3.2,3.8,4.5,0.8,1.6,5.0,4.2,3.1,4.9,ML Engineer
5.0,2.4,4.4,4.3,2.1,1.5,5.0,3.7,3.0,3.3,ML Engineer
5.0,0.6,3.8,2.4,0.5,1.2,5.0,4.7,3.0,4.6,ML Engineer
4.8,2.0,3.3,3.5,0.5,1.5,4.8,5.0,3.7,2.5,ML Engineer
4.9,1.2,3.5,3.6,0.6,0.7,4.9,3.7,3.7,5.0,ML Engineer
4.1,1.8,2.6,3.8,1.4,1.9,4.8,5.0,4.9,4.9,ML Engineer
4.5,1.2,3.8,3.5,1.2,0.9,4.8,5.0,3.4,3.5,ML Engineer
2.6,3.8,3.8,4.0,2.0,2.6,1.3,2.0,1.3,4.6,Java Developer
1.7,5.0,3.6,4.5,2.0,2.2,1.3,1.6,1.9,4.9,Java Developer
1.7,5.0,4.3,4.6,2.5,2.8,0.4,3.3,0.7,5.0,Java Developer
2.2,4.2,3.9,4.0,2.7,2.1,0.9,0.7,2.5,4.2,Java Developer
2.2,4.7,3.9,4.4,2.9,2.6,1.4,2.2,2.1,4.5,Java Developer
2.6,5.0,4.6,3.6,1.9,2.6,0.2,2.9,1.5,5.0,Java Developer
1.7,4.1,3.7,4.1,2.4,2.6,1.2,1.8,1.8,5.0,Java Developer
2.4,5.0,4.2,3.2,1.4,2.8,1.0,2.2,2.4,5.0,Java Developer
2.7,4.9,3.6,4.0,1.6,3.4,1.4,2.3,2.2,3.7,Java Developer
2.3,4.1,4.0,3.8,2.4,2.6,1.7,1.7,1.9,4.9,Java Developer
1.1,4.3,3.9,4.6,2.3,1.9,0.9,3.1,1.6,4.6,Java Developer
2.3,5.0,3.7,4.3,1.8,2.9,1.1,2.3,1.1,4.3,Java Developer
2.5,4.8,4.2,3.8,2.5,2.2,0.9,2.4,2.1,4.5,Java Developer
3.1,5.0,3.4,4.2,1.8,2.7,1.0,2.0,1.0,5.0,Java Developer
1.4,4.2,4.2,4.9,1.8,2.9,1.6,2.4,1.3,4.2,Java Developer
0.8,4.7,4.6,3.4,2.4,2.0,1.1,2.4,1.1,4.9,Java Developer
1.8,5.0,4.1,4.0,2.9,2.9,0.6,2.0,1.5,4.8,Java Developer
3.4,5.0,2.9,3.7,0.9,2.3,0.0,1.5,0.7,5.0,Java Developer
2.0,5.0,3.9,3.2,2.3,3.6,1.2,1.8,0.7,4.3,Java Developer
2.2,5.0,4.1,4.4,2.4,2.8,0.6,2.1,1.0,4.8,Java Developer
2.2,5.0,3.3,4.3,2.8,2.9,1.5,2.3,2.2,4.2,Java Developer
1.2,4.8,2.8,4.7,2.7,2.3,0.8,2.0,1.5,4.9,Java Developer
2.3,4.7,4.5,4.2,1.7,3.2,0.3,1.9,2.0,4.4,Java Developer
2.2,5.0,3.5,4.0,1.9,2.2,2.3,1.6,2.1,4.6,Java Developer
1.4,4.9,4.4,4.5,2.9,4.1,1.1,1.6,1.7,4.7,Java Developer
2.5,4.1,5.0,4.5,1.1,2.1,1.4,2.6,0.8,5.0,Java Developer
0.9,4.8,4.6,3.7,1.2,2.6,0.7,2.3,1.0,4.4,Java Developer
0.9,4.9,3.9,3.3,2.1,3.1,0.9,2.1,1.7,4.1,Java Developer
3.1,4.5,4.4,4.4,1.9,2.8,1.1,1.2,1.3,4.5,Java Developer
1.7,4.1,4.6,4.9,2.5,3.2,0.8,1.7,1.1,5.0,Java Developer
2.1,4.8,4.7,4.2,1.5,2.1,1.4,2.6,1.8,5.0,Java Developer
2.9,5.0,3.5,3.3,1.8,2.9,2.0,2.2,2.1,4.7,Java Developer
2.3,5.0,2.9,3.8,2.5,2.7,0.3,0.7,1.3,4.8,Java Developer
1.5,4.9,4.3,4.4,0.7,1.8,0.8,2.3,1.8,5.0,Java Developer
1.8,4.6,3.6,4.4,1.5,3.0,1.1,2.0,1.1,4.1,Java Developer
1.6,4.6,2.7,3.9,2.5,2.8,0.7,2.0,1.2,4.9,Java Developer
2.8,5.0,4.3,3.7,2.4,1.6,0.9,2.3,1.9,5.0,Java Developer
2.2,4.7,4.3,3.5,1.5,2.5,1.1,1.0,1.8,5.0,Java Developer
2.0,5.0,3.6,3.8,1.8,2.5,0.8,1.2,1.2,4.7,Java Developer
2.7,5.0,4.7,3.6,1.6,2.4,2.0,1.9,0.8,4.5,Java Developer
2.4,5.0,3.9,4.4,0.7,2.6,1.5,1.5,1.0,3.8,Java Developer
2.9,4.4,4.1,4.3,2.8,2.4,0.7,2.1,2.2,4.7,Java Developer
1.5,4.0,3.3,4.5,1.8,2.2,0.6,2.0,1.4,4.6,Java Developer
2.7,5.0,3.1,4.2,1.6,2.4,1.2,1.9,1.6,5.0,Java Developer
2.2,4.4,3.7,3.2,1.5,3.6,0.6,1.3,1.7,4.7,Java Developer
1.9,5.0,4.3,3.7,1.8,2.2,1.5,1.8,0.5,4.8,Java Developer
1.2,5.0,3.5,3.9,2.1,2.3,0.8,2.2,2.3,5.0,Java Developer
2.8,4.2,4.2,4.1,2.2,3.3,0.9,1.8,1.8,3.8,Java Developer
1.9,4.7,3.5,4.6,1.4,2.4,1.2,2.7,1.5,5.0,Java Developer
2.4,4.9,3.4,3.2,2.1,2.2,1.5,2.4,1.4,4.2,Java Developer
2.3,4.2,3.6,3.5,1.9,3.1,1.0,1.8,0.7,5.0,Java Developer
1.6,4.9,3.8,4.5,1.9,2.5,1.3,3.2,2.0,4.8,Java Developer
2.0,4.5,3.5,3.7,1.6,2.9,0.4,2.7,1.9,4.8,Java Developer
2.0,4.5,4.1,4.6,1.6,1.7,1.4,2.2,0.9,4.4,Java Developer
1.5,4.4,3.8,3.9,1.6,2.1,0.9,2.1,1.3,5.0,Java Developer
2.3,3.9,4.3,4.3,1.8,1.7,1.0,2.0,0.9,4.0,Java Developer
2.0,4.7,3.8,4.0,1.4,2.3,1.3,1.8,0.6,4.5,Java Developer
1.4,4.9,4.2,3.1,2.4,1.9,1.9,2.0,0.8,4.2,Java Developer
2.2,4.6,3.9,4.9,1.6,2.5,1.8,2.1,0.6,5.0,Java Developer
1.4,5.0,3.5,5.0,2.8,2.1,1.0,2.4,1.9,5.0,Java Developer
2.7,4.7,3.8,3.8,2.5,2.7,1.2,2.4,0.4,5.0,Java Developer
2.1,5.0,3.2,4.9,2.0,2.8,1.9,2.3,1.7,4.9,Java Developer
1.7,4.8,3.6,4.0,0.7,2.7,0.9,1.8,1.6,4.0,Java Developer
3.1,4.7,3.9,3.5,2.0,3.3,1.6,2.5,1.8,4.6,Java Developer
1.2,4.7,3.9,4.6,2.2,3.4,1.7,1.7,0.5,5.0,Java Developer
2.7,4.0,4.8,4.2,2.1,3.4,1.7,2.4,1.8,5.0,Java Developer
1.8,4.8,3.5,3.8,1.8,2.2,1.1,1.8,1.8,3.9,Java Developer
1.9,4.9,3.8,3.9,1.1,2.7,1.4,2.3,2.1,4.9,Java Developer
2.3,4.9,4.4,3.1,1.5,3.4,0.0,1.9,2.1,4.7,Java Developer
1.8,4.9,3.8,4.0,1.6,3.1,1.8,1.9,0.7,4.5,Java Developer
1.9,5.0,3.4,3.6,2.3,3.0,0.7,1.3,3.3,5.0,Java Developer
1.9,5.0,3.9,4.5,2.1,2.6,0.9,1.2,2.6,4.3,Java Developer
1.3,4.7,3.5,4.0,2.4,3.0,1.4,1.8,1.5,5.0,Java Developer
1.0,5.0,3.2,5.0,1.8,2.4,0.6,1.7,2.8,5.0,Java Developer
1.1,5.0,4.7,3.8,2.2,2.5,2.1,1.6,1.6,4.6,Java Developer
1.2,5.0,3.4,4.1,1.0,2.3,1.2,1.5,1.8,4.7,Java Developer
2.6,5.0,3.7,4.0,2.1,2.8,1.0,2.1,1.4,4.9,Java Developer
2.7,5.0,4.4,4.4,1.9,2.7,0.4,2.7,0.0,4.8,Java Developer
2.6,4.0,4.2,3.6,1.8,3.0,1.1,0.9,1.0,5.0,Java Developer
2.2,5.0,4.9,3.8,3.4,2.5,0.5,1.7,0.3,5.0,Java Developer
2.9,4.2,3.9,4.1,1.5,1.5,0.9,1.8,1.3,4.9,Java Developer
2.8,4.6,4.1,4.4,2.3,2.2,1.1,2.3,0.9,5.0,Java Developer
2.8,4.4,4.1,4.4,1.7,2.8,1.1,1.2,1.8,4.2,Java Developer
2.5,4.4,3.9,4.8,2.3,1.9,0.4,1.7,1.7,5.0,Java Developer
1.5,4.2,4.2,3.9,3.2,2.5,2.0,1.4,0.6,4.2,Java Developer
2.7,5.0,3.6,3.7,1.4,1.5,1.4,2.1,1.5,4.0,Java Developer
2.9,4.5,4.3,3.2,1.9,2.7,1.2,2.1,1.8,4.2,Java Developer
2.1,4.9,4.1,4.0,1.3,1.8,0.0,2.4,2.0,5.0,Java Developer
2.2,3.6,3.4,4.1,2.1,2.4,1.2,2.0,1.6,4.4,Java Developer
2.5,4.6,3.3,3.6,1.8,3.0,1.0,1.9,0.8,5.0,Java Developer
1.6,4.7,4.8,4.3,1.1,1.5,1.0,1.3,1.9,4.8,Java Developer
2.1,4.4,5.0,5.0,1.8,2.7,1.1,1.9,1.0,4.2,Java Developer
1.4,5.0,3.7,2.6,2.2,2.5,1.7,2.2,0.7,3.6,Java Developer
1.6,4.5,4.5,4.0,2.6,1.8,1.5,2.4,0.4,5.0,Java Developer
2.1,5.0,3.5,4.7,1.3,3.0,1.5,1.5,2.6,4.9,Java Developer
2.4,4.0,5.0,3.3,2.6,2.0,0.7,2.4,2.1,4.1,Java Developer
2.6,5.0,3.5,4.9,1.2,2.2,1.3,1.5,1.6,4.9,Java Developer
1.9,5.0,3.9,4.1,2.6,2.9,1.4,1.4,1.8,4.3,Java Developer
1.3,4.8,3.5,4.4,2.4,1.5,0.5,1.2,1.2,5.0,Java Developer
1.9,4.5,4.7,2.7,2.7,2.2,1.0,1.7,2.3,4.1,Java Developer
2.0,5.0,3.1,3.5,1.9,2.0,0.6,1.8,1.9,4.6,Java Developer
2.6,4.3,3.3,5.0,1.6,1.8,0.0,2.6,1.3,4.7,Java Developer
1.9,5.0,3.9,5.0,2.1,3.1,1.4,2.0,1.2,5.0,Java Developer
2.3,4.5,4.1,4.7,3.1,3.0,2.0,1.7,1.9,5.0,Java Developer
1.5,4.5,5.0,3.5,1.3,3.3,1.7,2.2,1.5,4.6,Java Developer
2.2,5.0,4.1,5.0,1.5,2.5,0.8,1.4,1.4,5.0,Java Developer
2.3,5.0,4.3,4.6,2.0,3.4,2.3,2.3,1.0,4.5,Java Developer
2.2,5.0,4.4,4.3,2.0,2.2,1.2,3.0,2.1,5.0,Java Developer
2.6,4.6,3.7,3.6,1.9,2.3,1.7,1.7,1.1,5.0,Java Developer
1.8,4.9,4.2,3.4,2.7,2.9,1.9,1.6,1.6,4.8,Java Developer
2.1,4.0,4.1,3.2,2.2,1.3,0.0,2.5,1.2,4.3,Java Developer
2.7,5.0,4.5,3.9,3.5,2.2,2.0,2.0,0.6,5.0,Java Developer
2.2,4.2,3.5,4.0,2.2,1.1,1.6,1.7,0.8,5.0,Java Developer
2.0,5.0,4.2,4.0,1.9,2.8,0.8,1.5,1.8,4.7,Java Developer
2.0,5.0,3.9,4.0,1.7,2.7,1.2,2.5,1.2,4.5,Java Developer
2.4,4.9,3.5,4.7,1.1,2.9,0.3,3.0,0.7,5.0,Java Developer
2.0,4.6,4.1,4.3,1.5,2.1,1.4,1.1,1.2,5.0,Java Developer
1.5,5.0,3.7,4.3,2.4,3.1,0.9,3.1,1.2,4.9,Java Developer
2.1,4.2,3.8,4.1,1.8,3.8,0.5,2.6,2.0,4.8,Java Developer
1.5,4.4,3.7,3.0,1.4,1.7,1.7,2.3,1.9,5.0,Java Developer
2.1,5.0,3.7,4.1,2.4,1.8,2.7,2.0,1.6,5.0,Java Developer
2.5,4.8,4.1,3.2,1.7,2.8,1.2,2.7,1.4,4.0,Java Developer
2.6,5.0,4.5,3.9,2.6,4.4,1.1,1.3,1.2,5.0,Java Developer
1.1,4.9,4.2,4.8,2.7,3.0,0.0,2.5,1.9,4.9,Java Developer
1.0,4.4,3.4,2.9,2.0,2.1,2.4,1.9,2.2,3.9,Java Developer
1.7,4.9,3.5,3.8,1.9,2.4,2.0,2.2,1.8,5.0,Java Developer
2.3,4.8,3.8,4.1,2.6,3.1,0.9,2.4,1.4,4.8,Java Developer
1.7,4.7,4.7,4.1,2.1,1.7,0.8,1.9,1.0,4.8,Java Developer
1.8,4.8,4.1,3.5,1.8,2.5,1.7,2.1,1.1,5.0,Java Developer
2.9,5.0,4.3,4.4,2.8,3.1,1.3,2.6,0.9,4.0,Java Developer
2.1,4.8,3.7,4.5,1.0,2.2,0.7,1.1,2.3,4.1,Java Developer
1.7,5.0,4.4,3.4,2.4,2.7,2.3,2.2,1.4,4.3,Java Developer
1.6,4.3,4.8,4.0,2.3,3.3,0.0,2.7,1.5,5.0,Java Developer
1.5,4.4,4.3,5.0,2.6,3.2,0.9,1.7,1.1,4.5,Java Developer
0.9,4.4,3.7,3.9,2.1,2.7,1.0,1.7,0.4,4.5,Java Developer
1.5,5.0,4.5,4.5,2.4,2.4,0.7,1.6,0.7,5.0,Java Developer
1.9,4.1,3.5,3.5,2.0,3.1,0.8,0.8,1.4,4.7,Java Developer
1.9,4.5,4.1,4.0,2.0,2.7,0.8,1.7,2.3,5.0,Java Developer
2.5,5.0,4.3,4.5,1.1,2.6,0.9,2.9,2.0,4.5,Java Developer
2.2,4.9,4.2,3.4,2.2,2.4,1.2,1.6,1.2,5.0,Java Developer
1.4,4.3,4.0,3.6,1.5,2.6,0.2,1.4,2.6,5.0,Java Developer
1.6,5.0,4.3,4.5,1.9,3.0,0.0,1.4,1.6,5.0,Java Developer
1.5,4.9,3.7,3.8,2.6,3.0,0.5,1.4,1.3,4.8,Java Developer
1.6,5.0,4.2,4.2,1.3,3.1,0.0,2.5,2.0,4.6,Java Developer
2.7,4.8,4.0,4.2,3.8,3.2,1.4,1.5,1.6,4.4,Java Developer
2.5,4.9,3.4,4.0,1.5,2.6,0.5,2.0,1.9,4.8,Java Developer
1.8,4.9,4.4,3.4,2.1,3.2,1.3,2.0,1.9,5.0,Java Developer
2.4,3.7,3.1,4.6,1.2,2.7,0.8,1.5,1.7,4.9,Java Developer
3.2,4.5,4.8,4.2,1.6,2.9,1.3,2.0,1.6,4.5,Java Developer
1.5,5.0,3.9,4.0,2.2,2.6,0.2,2.7,1.6,4.7,Java Developer
2.2,4.9,4.4,4.3,2.4,3.2,1.5,1.9,0.9,5.0,Java Developer
1.9,4.5,3.0,4.2,2.1,1.7,1.2,1.7,3.0,4.5,Java Developer
1.8,4.3,4.7,3.8,1.6,2.9,0.2,2.3,2.5,5.0,Java Developer
2.4,5.0,4.9,4.7,2.2,3.0,0.5,2.4,0.9,4.6,Java Developer
0.3,5.0,3.6,4.6,2.2,3.1,0.4,2.6,2.7,5.0,Java Developer
2.4,4.9,3.7,4.4,1.2,2.3,0.0,1.6,1.9,5.0,Java Developer
2.0,4.9,3.0,3.8,1.6,2.1,1.3,1.5,1.2,3.7,Java Developer
1.8,4.2,4.0,3.5,2.1,2.4,1.9,2.3,0.5,4.1,Java Developer
2.0,4.3,2.4,4.7,2.4,2.8,0.7,2.2,1.1,4.9,Java Developer
1.5,5.0,3.1,4.7,2.0,2.2,1.1,2.4,2.3,5.0,Java Developer
1.5,4.8,5.0,4.7,2.5,2.9,1.4,2.6,1.2,4.1,Java Developer
2.0,4.4,3.4,3.6,3.4,2.6,1.2,1.3,0.5,4.3,Java Developer
2.8,5.0,4.3,4.4,1.7,3.3,0.7,2.8,1.7,3.8,Java Developer
1.6,3.8,4.6,4.0,0.8,2.7,0.7,1.2,2.4,4.9,Java Developer
1.8,4.6,3.2,3.3,2.7,2.2,1.0,0.9,0.8,5.0,Java Developer
2.2,5.0,4.7,3.9,2.3,2.3,2.1,2.6,1.6,4.9,Java Developer
2.8,5.0,4.9,2.8,2.3,2.2,2.0,2.9,1.5,5.0,Java Developer
3.0,4.8,5.0,4.0,1.9,3.0,0.8,2.0,2.3,4.8,Java Developer
1.1,5.0,3.6,4.5,2.4,3.3,1.5,2.6,1.1,5.0,Java Developer
3.1,4.4,5.0,3.7,1.5,2.7,1.4,2.5,1.0,5.0,Java Developer
1.6,4.0,3.5,3.6,2.3,3.1,0.2,2.2,0.9,5.0,Java Developer
1.7,4.2,4.4,3.7,1.8,1.3,1.5,2.5,1.5,4.0,Java Developer
2.7,4.4,3.8,5.0,1.6,2.9,1.3,2.2,1.7,5.0,Java Developer
2.1,4.8,4.8,3.3,2.6,3.0,1.4,2.6,1.4,3.8,Java Developer
2.0,4.3,3.6,3.3,1.7,2.2,0.0,2.4,2.7,5.0,Java Developer
1.9,4.8,3.8,4.0,2.0,2.0,1.9,1.2,1.9,4.7,Java Developer
3.0,5.0,3.8,3.9,2.0,1.9,0.6,1.0,1.0,4.9,Java Developer
2.2,3.7,3.9,4.3,1.9,2.2,0.8,1.7,1.1,4.9,Java Developer
3.3,4.4,3.8,4.0,1.6,3.1,0.0,1.7,2.0,4.6,Java Developer
1.5,5.0,4.5,4.1,1.6,2.8,0.8,2.4,2.3,3.4,Java Developer
2.1,3.8,5.0,3.7,2.4,2.5,0.6,1.5,2.4,5.0,Java Developer
3.1,4.8,4.2,3.9,1.8,1.9,1.0,1.6,1.7,4.9,Java Developer
2.2,5.0,4.0,4.4,3.1,3.2,1.6,1.8,1.6,4.1,Java Developer
2.3,5.0,4.0,4.6,1.3,3.4,1.5,2.0,1.4,5.0,Java Developer
2.8,4.9,4.1,4.0,3.0,2.3,1.0,2.8,1.6,5.0,Java Developer
1.5,4.7,4.8,3.6,1.9,2.6,0.5,1.8,1.6,4.8,Java Developer
2.7,5.0,3.5,4.1,2.4,3.3,1.4,2.2,1.9,5.0,Java Developer
1.5,4.9,4.8,3.9,2.1,2.4,0.0,2.0,1.7,4.5,Java Developer
1.4,4.3,4.4,5.0,2.8,1.8,1.5,1.6,1.2,4.5,Java Developer
2.4,5.0,3.9,4.0,2.3,2.8,1.6,1.3,1.5,4.2,Java Developer
2.0,4.7,4.0,3.6,1.2,1.3,0.9,1.8,1.1,5.0,Java Developer
1.5,5.0,4.9,2.9,2.1,2.3,0.0,1.2,1.9,5.0,Java Developer
2.5,5.0,4.0,4.9,3.2,2.2,0.0,0.8,2.2,4.8,Java Developer
2.1,3.8,3.6,3.8,2.1,2.3,0.4,1.6,2.2,4.9,Java Developer
2.3,4.3,2.4,3.7,1.5,2.7,2.8,2.4,3.0,5.0,Java Developer
1.7,5.0,5.0,5.0,1.7,2.6,0.2,2.5,2.4,4.8,Java Developer
1.6,5.0,4.2,4.0,2.1,2.4,1.5,2.4,1.0,4.2,Java Developer
1.9,5.0,4.1,3.6,2.1,2.3,1.5,2.2,1.3,4.9,Java Developer
2.7,4.5,4.2,4.0,2.2,2.1,1.1,2.6,1.0,4.1,Java Developer
1.3,4.2,4.3,3.2,1.8,2.8,1.2,1.8,1.6,4.9,Java Developer
1.9,4.7,5.0,4.4,3.4,2.2,1.0,1.3,1.1,5.0,Java Developer
1.7,5.0,3.3,3.4,1.8,2.5,1.5,2.2,1.3,4.7,Java Developer
1.8,4.3,3.5,4.6,1.0,3.4,0.8,1.6,1.9,5.0,Java Developer
2.6,5.0,4.6,3.1,1.7,2.0,1.7,1.8,2.0,5.0,Java Developer
1.5,4.5,4.7,3.6,2.1,2.1,0.8,2.0,1.1,4.3,Java Developer
2.2,4.3,3.6,3.5,2.0,3.0,1.8,1.6,2.7,4.2,Java Developer
2.6,4.4,3.5,3.6,2.0,2.8,1.4,1.5,1.0,4.3,Java Developer
1.9,4.7,3.5,4.1,3.2,2.2,0.8,2.3,1.2,5.0,Java Developer
1.6,5.0,4.2,3.7,1.7,2.2,1.8,1.3,1.1,4.5,Java Developer
2.0,4.7,3.2,3.8,1.9,2.2,1.4,2.5,1.5,4.9,Java Developer
0.8,4.6,4.6,3.8,1.6,3.8,2.0,2.3,2.1,3.6,Java Developer
1.6,4.5,3.9,3.7,0.6,2.7,1.3,2.9,1.1,4.3,Java Developer
0.5,4.6,4.5,3.7,3.2,2.4,1.1,1.3,1.7,3.7,Java Developer
2.4,5.0,4.7,3.4,2.1,2.8,1.2,1.5,0.2,5.0,Java Developer
1.9,4.5,4.4,4.0,1.3,1.4,0.4,3.3,1.9,4.9,Java Developer
1.9,4.7,4.6,3.7,2.3,2.3,2.1,2.4,2.2,4.5,Java Developer
2.6,4.6,4.1,4.9,1.4,2.6,1.2,2.3,1.3,5.0,Java Developer
1.3,5.0,4.7,5.0,1.1,2.0,1.8,1.0,0.6,4.5,Java Developer
2.1,5.0,3.9,3.7,2.2,2.8,1.2,1.9,0.4,4.3,Java Developer
2.8,4.9,3.8,4.6,1.4,2.4,1.1,1.8,1.6,4.7,Java Developer
1.2,4.9,3.3,4.1,2.8,2.3,0.4,1.9,1.0,5.0,Java Developer
1.9,5.0,4.6,3.9,2.4,2.3,1.0,1.8,1.9,5.0,Java Developer
2.4,5.0,4.5,4.3,1.4,3.4,2.0,1.9,1.3,5.0,Java Developer
2.3,4.7,3.3,4.2,2.3,2.9,1.2,1.9,2.0,4.8,Java Developer
1.7,4.7,3.0,3.9,2.4,2.7,1.8,1.9,1.8,5.0,Java Developer
3.3,4.9,3.4,4.5,3.0,2.3,1.5,2.7,2.1,4.9,Java Developer
1.6,4.8,4.3,4.5,2.2,2.3,1.3,2.5,1.7,4.3,Java Developer
1.9,5.0,3.2,2.8,2.8,2.8,1.3,1.4,1.9,5.0,Java Developer
1.1,5.0,4.1,3.8,1.8,1.4,1.3,2.1,1.4,5.0,Java Developer
1.2,4.5,3.5,3.8,2.0,2.7,0.8,1.5,2.4,5.0,Java Developer
2.1,4.4,4.8,3.2,1.8,2.1,0.4,1.8,1.0,4.8,Java Developer
2.0,4.5,3.8,3.9,2.4,2.4,1.5,2.3,1.8,5.0,Java Developer
1.4,4.5,5.0,3.9,0.5,2.4,1.1,0.6,2.2,4.4,Java Developer
2.2,4.7,3.3,3.4,1.5,3.1,0.9,1.7,1.0,5.0,Java Developer
2.8,5.0,4.3,4.2,1.3,2.4,0.6,1.0,2.1,4.4,Java Developer
2.7,5.0,4.3,4.3,1.7,3.5,1.0,2.2,1.1,4.3,Java Developer
2.3,4.9,3.6,3.2,1.3,3.2,0.7,1.8,2.3,4.2,Java Developer
1.6,4.4,4.9,5.0,2.4,2.9,0.7,3.1,1.6,5.0,Java Developer
1.9,4.7,4.9,4.3,2.8,2.6,0.5,1.7,1.6,4.5,Java Developer
1.4,5.0,3.7,4.1,2.2,2.2,1.8,1.4,1.6,4.9,Java Developer
2.0,4.1,4.5,4.4,1.6,2.9,1.2,1.3,1.0,5.0,Java Developer
2.2,4.5,3.5,3.7,1.8,2.0,0.0,2.6,2.0,4.1,Java Developer
2.1,4.3,3.9,3.8,1.8,3.6,0.8,1.6,1.1,5.0,Java Developer
1.1,4.4,4.8,4.1,2.1,3.7,1.1,1.6,1.3,4.2,Java Developer
2.7,5.0,4.6,4.7,1.8,2.0,1.0,1.5,1.6,5.0,Java Developer
1.9,4.9,3.9,4.4,1.6,1.3,1.3,2.5,1.7,4.4,Java Developer
1.4,5.0,4.1,3.9,3.0,2.0,2.0,2.0,0.5,4.7,Java Developer
2.5,4.6,3.2,3.9,1.5,2.8,1.4,1.4,1.1,5.0,Java Developer
1.5,4.2,3.4,4.2,2.2,2.1,1.0,2.8,1.0,3.7,Java Developer
2.3,4.7,3.6,4.4,2.5,1.3,0.6,3.3,1.8,5.0,Java Developer
2.6,4.8,4.4,4.4,2.3,2.3,1.1,1.7,1.5,4.2,Java Developer
1.6,4.6,3.5,3.7,1.9,2.7,1.5,1.7,2.2,5.0,Java Developer
2.3,4.9,4.2,4.7,2.7,3.2,1.0,2.3,2.2,4.5,Java Developer
1.8,4.8,4.5,4.5,1.9,1.7,1.1,1.5,0.7,4.1,Java Developer
2.2,5.0,4.0,4.1,2.7,1.7,1.3,2.0,1.8,4.5,Java Developer
1.6,4.9,4.9,4.5,1.7,1.8,0.1,2.7,1.0,4.6,Java Developer
2.7,3.9,4.8,3.9,1.4,2.4,0.6,2.2,1.1,3.7,Java Developer
1.9,4.1,4.1,3.3,1.7,2.6,0.9,2.1,1.9,4.2,Java Developer
2.0,3.0,4.1,3.8,1.5,2.7,1.6,1.7,1.0,4.9,Java Developer
1.3,4.4,4.7,4.0,1.0,1.5,1.1,2.5,0.6,5.0,Java Developer
2.7,5.0,4.2,4.3,0.8,3.7,0.7,1.5,1.4,5.0,Java Developer
3.2,4.9,4.5,4.0,1.4,3.3,0.7,2.8,2.2,5.0,Java Developer
3.0,5.0,3.9,3.6,1.0,3.7,0.8,2.6,1.1,5.0,Java Developer
1.6,4.1,3.9,3.7,2.3,2.5,1.3,1.8,1.1,4.5,Java Developer
3.1,4.9,2.9,3.7,2.1,3.5,1.6,1.5,2.8,4.8,Java Developer
2.7,4.2,2.7,3.2,0.2,3.7,1.1,1.5,1.7,4.9,Java Developer
2.3,5.0,3.8,3.5,2.5,2.9,1.1,3.2,1.3,4.3,Java Developer
2.2,4.4,4.3,3.5,1.8,3.5,0.8,1.6,2.1,4.2,Java Developer
1.6,5.0,4.5,4.7,1.6,2.8,0.7,1.7,2.2,4.5,Java Developer
2.2,4.9,3.4,4.5,2.3,1.4,1.2,1.6,2.1,4.0,Java Developer
1.8,5.0,4.0,4.4,1.2,3.4,1.3,2.7,2.0,4.8,Java Developer
1.3,4.5,4.9,4.8,1.7,0.9,0.9,1.8,1.4,5.0,Java Developer
2.5,5.0,4.2,3.0,1.8,3.8,1.2,2.2,1.7,5.0,Java Developer
0.7,4.7,4.0,4.7,2.0,1.6,1.2,1.6,0.8,4.3,Java Developer
2.3,5.0,4.3,4.3,2.3,2.6,1.4,0.7,1.6,4.2,Java Developer
2.6,4.7,4.0,3.2,2.6,2.8,1.3,1.6,1.1,4.9,Java Developer
1.6,5.0,2.8,3.7,3.0,2.7,1.1,3.1,0.2,4.4,Java Developer
1.8,5.0,4.5,3.5,2.5,2.3,1.7,1.4,1.4,4.5,Java Developer
2.6,4.5,4.0,4.3,2.3,3.0,1.1,1.8,1.3,4.8,Java Developer
2.1,4.7,4.0,3.2,2.4,2.6,1.6,2.0,0.5,4.6,Java Developer
1.9,5.0,2.9,4.0,2.3,2.1,1.0,1.7,1.1,4.6,Java Developer
1.6,5.0,3.6,3.5,3.0,3.0,0.0,1.6,1.6,5.0,Java Developer
1.2,5.0,4.5,4.3,2.7,2.7,1.2,2.9,2.1,4.3,Java Developer
2.3,4.4,4.3,4.3,1.2,2.4,1.1,1.8,1.7,5.0,Java Developer
2.0,4.9,4.8,4.3,2.1,2.0,1.4,2.2,2.2,4.8,Java Developer
1.0,3.9,4.4,3.7,2.2,2.6,0.9,1.9,1.0,4.8,Java Developer
1.7,4.6,3.8,3.9,2.5,2.4,1.6,2.8,2.0,5.0,Java Developer
2.2,5.0,4.0,4.5,2.3,2.3,1.5,2.1,1.4,4.5,Java Developer
2.1,5.0,4.5,4.2,2.3,3.2,0.9,1.4,2.2,4.5,Java Developer
1.6,3.8,4.3,3.1,1.6,2.8,1.4,1.6,1.4,4.3,Java Developer
1.7,4.9,3.7,3.9,1.2,3.1,1.3,2.4,2.2,4.3,Java Developer
1.8,3.8,5.0,3.9,2.6,1.8,1.5,3.0,1.5,4.2,Java Developer
1.9,3.6,4.0,4.5,2.0,2.3,1.3,2.3,0.6,4.8,Java Developer
3.3,4.1,4.0,5.0,2.6,2.2,1.1,2.0,1.1,4.8,Java Developer
1.8,4.9,3.6,3.3,2.0,3.4,1.0,1.8,1.9,4.7,Java Developer
3.0,4.8,4.4,3.6,2.3,2.7,1.0,1.7,1.1,5.0,Java Developer
2.3,4.7,4.2,4.0,2.1,2.4,1.0,3.5,1.7,5.0,Java Developer
2.2,4.7,4.7,3.8,2.6,2.3,0.5,2.2,0.9,5.0,Java Developer
1.3,4.6,3.2,5.0,1.1,2.5,1.6,2.6,2.0,4.6,Java Developer
2.7,5.0,4.1,4.1,1.8,2.0,1.7,2.7,1.0,4.7,Java Developer
